cutting_line_id,plate_id,seq_no
L1,P000339,1
L1,P003449,2
L1,P001073,3
L1,P004398,4
L1,P002425,5
L1,P005746,6
L1,P003612,7
L1,P005421,8
L1,P004688,9
L1,P006931,10
L1,P004123,11
L1,P003405,12
L1,P001977,13
L1,P005007,14
L1,P003099,15
L1,P004871,16
L1,P002444,17
L1,P000067,18
L1,P005482,19
L1,P006795,20
L1,P004627,21
L1,P002015,22
L1,P001567,23
L1,P005411,24
L1,P006458,25
L1,P002552,26
L1,P004738,27
L1,P005192,28
L1,P000439,29
L1,P001363,30
L1,P002669,31
L1,P000515,32
L1,P000168,33
L1,P001083,34
L1,P005283,35
L1,P001782,36
L1,P001693,37
L1,P005361,38
L1,P004443,39
L1,P001367,40
L1,P002245,41
L1,P002056,42
L1,P006032,43
L1,P002789,44
L1,P004071,45
L1,P004014,46
L1,P005166,47
L1,P002573,48
L1,P006188,49
L1,P001997,50
L1,P004176,51
L1,P005708,52
L1,P001902,53
L1,P004558,54
L1,P002268,55
L1,P006228,56
L1,P000369,57
L1,P006647,58
L1,P001697,59
L1,P000986,60
L1,P001416,61
L1,P003915,62
L1,P006394,63
L1,P001270,64
L1,P003680,65
L1,P006083,66
L1,P006369,67
L1,P003101,68
L1,P003721,69
L1,P001194,70
L1,P006997,71
L1,P003240,72
L1,P002765,73
L1,P002013,74
L1,P002136,75
L1,P005098,76
L1,P003070,77
L1,P006770,78
L1,P002539,79
L1,P004825,80
L1,P006372,81
L1,P006513,82
L1,P002289,83
L1,P002089,84
L1,P002952,85
L1,P005150,86
L1,P002372,87
L1,P001796,88
L1,P003461,89
L1,P002835,90
L1,P005107,91
L1,P002473,92
L1,P000999,93
L1,P002184,94
L1,P003311,95
L1,P006413,96
L1,P001728,97
L1,P002928,98
L1,P002185,99
L1,P002398,100
L1,P002241,101
L1,P001836,102
L1,P002791,103
L1,P005593,104
L1,P001925,105
L1,P004060,106
L1,P005991,107
L1,P004063,108
L1,P006507,109
L1,P004801,110
L1,P004562,111
L1,P003474,112
L1,P006204,113
L1,P004674,114
L1,P001592,115
L1,P004082,116
L1,P006730,117
L1,P003081,118
L1,P000797,119
L1,P004403,120
L1,P005063,121
L1,P002781,122
L1,P002934,123
L1,P003211,124
L1,P004342,125
L1,P005605,126
L1,P003704,127
L1,P004906,128
L1,P005496,129
L1,P004470,130
L1,P006725,131
L1,P002651,132
L1,P000225,133
L1,P004489,134
L1,P004281,135
L1,P005390,136
L1,P006172,137
L1,P003682,138
L1,P000320,139
L1,P005503,140
L1,P003573,141
L1,P002309,142
L1,P005195,143
L1,P004024,144
L1,P001641,145
L1,P000773,146
L1,P000329,147
L1,P006262,148
L1,P003434,149
L1,P004749,150
L1,P004433,151
L1,P002213,152
L1,P002126,153
L1,P004696,154
L1,P003085,155
L1,P004013,156
L1,P001508,157
L1,P004216,158
L1,P003607,159
L1,P003778,160
L1,P005507,161
L1,P002614,162
L1,P002532,163
L1,P003791,164
L1,P001387,165
L1,P004066,166
L1,P005010,167
L1,P001719,168
L1,P006865,169
L1,P001206,170
L1,P002769,171
L1,P005462,172
L1,P000149,173
L1,P004860,174
L1,P005907,175
L1,P004241,176
L1,P001431,177
L1,P000559,178
L1,P002369,179
L1,P001524,180
L1,P003203,181
L1,P000137,182
L1,P002246,183
L1,P003874,184
L1,P006870,185
L1,P001584,186
L1,P000709,187
L1,P000297,188
L1,P005088,189
L1,P005103,190
L1,P005956,191
L1,P005926,192
L1,P003162,193
L1,P002391,194
L1,P001556,195
L1,P002850,196
L1,P001609,197
L1,P000824,198
L1,P002027,199
L1,P003194,200
L1,P002600,201
L1,P005802,202
L1,P002111,203
L1,P001162,204
L1,P004532,205
L1,P003543,206
L1,P002731,207
L1,P002557,208
L1,P006626,209
L1,P001240,210
L1,P002722,211
L1,P005851,212
L1,P006512,213
L1,P005193,214
L1,P004386,215
L1,P006700,216
L1,P002506,217
L1,P003652,218
L1,P002186,219
L1,P004225,220
L1,P006205,221
L1,P001452,222
L1,P003305,223
L1,P005911,224
L1,P003126,225
L1,P003382,226
L1,P001901,227
L1,P002202,228
L1,P006645,229
L1,P002537,230
L1,P004663,231
L1,P005637,232
L1,P005423,233
L1,P005115,234
L1,P005036,235
L1,P006307,236
L1,P005243,237
L1,P003310,238
L1,P000629,239
L1,P000651,240
L1,P001252,241
L1,P006191,242
L1,P006498,243
L1,P000460,244
L1,P003444,245
L1,P004501,246
L1,P005004,247
L1,P006803,248
L1,P005237,249
L1,P001600,250
L1,P000748,251
L1,P004722,252
L1,P000544,253
L1,P000851,254
L1,P002437,255
L1,P005924,256
L1,P001635,257
L1,P000095,258
L1,P000330,259
L1,P003467,260
L1,P004323,261
L1,P000395,262
L1,P005378,263
L1,P001732,264
L1,P000740,265
L1,P005267,266
L1,P000308,267
L1,P006016,268
L1,P000551,269
L1,P001738,270
L1,P000673,271
L1,P006211,272
L1,P006785,273
L1,P006864,274
L1,P000296,275
L1,P002967,276
L1,P005553,277
L1,P003907,278
L1,P005485,279
L1,P001521,280
L1,P002686,281
L1,P005635,282
L1,P000171,283
L1,P006334,284
L1,P001519,285
L1,P000777,286
L1,P006355,287
L1,P001078,288
L1,P000888,289
L1,P006230,290
L1,P006669,291
L1,P002895,292
L1,P000114,293
L1,P006252,294
L1,P001201,295
L1,P006935,296
L1,P001219,297
L1,P006489,298
L1,P006620,299
L1,P004764,300
L1,P005227,301
L1,P005577,302
L1,P002859,303
L1,P000738,304
L1,P005814,305
L1,P000511,306
L1,P000496,307
L1,P006893,308
L1,P001578,309
L1,P004057,310
L1,P000758,311
L1,P005076,312
L1,P003447,313
L1,P003631,314
L1,P004755,315
L1,P005712,316
L1,P004565,317
L1,P005940,318
L1,P002910,319
L1,P004186,320
L1,P002836,321
L1,P001724,322
L1,P003285,323
L1,P002180,324
L1,P004231,325
L1,P004641,326
L1,P006838,327
L1,P001091,328
L1,P006818,329
L1,P003123,330
L1,P005085,331
L1,P001056,332
L1,P002168,333
L1,P004869,334
L1,P005051,335
L1,P004884,336
L1,P005415,337
L1,P004894,338
L1,P000852,339
L1,P001971,340
L1,P005563,341
L1,P006039,342
L1,P001879,343
L1,P006485,344
L1,P003271,345
L1,P004006,346
L1,P006173,347
L1,P002030,348
L1,P006883,349
L1,P000436,350
L1,P002071,351
L1,P004508,352
L1,P000326,353
L1,P005518,354
L1,P000997,355
L1,P003902,356
L1,P004492,357
L1,P006827,358
L1,P006282,359
L1,P001124,360
L1,P003675,361
L1,P001121,362
L1,P006308,363
L1,P002024,364
L1,P006614,365
L1,P005785,366
L1,P000276,367
L1,P001673,368
L1,P006132,369
L1,P004600,370
L1,P000172,371
L1,P003431,372
L1,P006034,373
L1,P000005,374
L1,P000633,375
L1,P004367,376
L1,P001090,377
L1,P001447,378
L1,P003418,379
L1,P004002,380
L1,P001503,381
L1,P000519,382
L1,P002728,383
L1,P005953,384
L1,P004465,385
L1,P002366,386
L1,P006147,387
L1,P002806,388
L1,P002135,389
L1,P006739,390
L1,P001912,391
L1,P003394,392
L1,P005389,393
L1,P004228,394
L1,P002277,395
L1,P004083,396
L1,P006387,397
L1,P004396,398
L1,P002410,399
L1,P004681,400
L1,P006087,401
L1,P002644,402
L1,P004454,403
L1,P006702,404
L1,P004061,405
L1,P001651,406
L1,P005407,407
L1,P005952,408
L1,P002833,409
L1,P000161,410
L1,P001470,411
L1,P004319,412
L1,P004218,413
L1,P002470,414
L1,P006933,415
L1,P002856,416
L1,P003138,417
L1,P002188,418
L1,P001353,419
L1,P006061,420
L1,P005966,421
L1,P001891,422
L1,P006579,423
L1,P001347,424
L1,P002009,425
L1,P003026,426
L1,P005487,427
L1,P004815,428
L1,P001077,429
L1,P004866,430
L1,P005399,431
L1,P005971,432
L1,P006457,433
L1,P001305,434
L1,P006634,435
L1,P002130,436
L1,P000247,437
L1,P006277,438
L1,P000663,439
L1,P006112,440
L1,P005700,441
L1,P005955,442
L1,P001588,443
L1,P000006,444
L1,P002575,445
L1,P003443,446
L1,P002542,447
L1,P005474,448
L1,P000099,449
L1,P002837,450
L1,P003414,451
L1,P006875,452
L1,P003922,453
L1,P006420,454
L1,P003324,455
L1,P003014,456
L1,P000183,457
L1,P001667,458
L1,P006648,459
L1,P006011,460
L1,P000627,461
L1,P005836,462
L1,P004308,463
L1,P004683,464
L1,P000647,465
L1,P002385,466
L1,P006766,467
L1,P006784,468
L1,P005335,469
L1,P000001,470
L1,P003705,471
L1,P003255,472
L1,P000985,473
L1,P006988,474
L1,P001811,475
L1,P004136,476
L1,P000761,477
L1,P001148,478
L1,P001143,479
L1,P004699,480
L1,P003223,481
L1,P003386,482
L1,P003184,483
L1,P006218,484
L1,P002349,485
L1,P004547,486
L1,P005678,487
L1,P005598,488
L1,P004262,489
L1,P006174,490
L1,P006319,491
L1,P005277,492
L1,P005641,493
L1,P000075,494
L1,P003865,495
L1,P000611,496
L1,P000516,497
L1,P004571,498
L1,P002217,499
L1,P006913,500
L1,P002839,501
L1,P004040,502
L1,P002419,503
L1,P004420,504
L1,P002956,505
L1,P006649,506
L1,P000819,507
L1,P000591,508
L1,P002181,509
L1,P000866,510
L1,P003615,511
L1,P004244,512
L1,P003664,513
L1,P001045,514
L1,P001386,515
L1,P002513,516
L1,P003783,517
L1,P006152,518
L1,P001723,519
L1,P004490,520
L1,P001978,521
L1,P005858,522
L1,P006664,523
L1,P002485,524
L1,P002074,525
L1,P000036,526
L1,P000305,527
L1,P005589,528
L1,P004768,529
L1,P002631,530
L1,P000607,531
L1,P000293,532
L1,P004626,533
L1,P002054,534
L1,P003333,535
L1,P006830,536
L1,P003628,537
L1,P006181,538
L1,P000098,539
L1,P003707,540
L1,P000683,541
L1,P003825,542
L1,P006321,543
L1,P001570,544
L1,P001759,545
L1,P000727,546
L1,P000126,547
L1,P004047,548
L1,P005841,549
L1,P005491,550
L1,P005884,551
L1,P006682,552
L1,P006300,553
L1,P002356,554
L1,P002673,555
L1,P003719,556
L1,P000155,557
L1,P003650,558
L1,P004106,559
L1,P002085,560
L1,P003879,561
L1,P004065,562
L1,P004143,563
L1,P003848,564
L1,P004703,565
L1,P000481,566
L1,P001548,567
L1,P003939,568
L1,P003320,569
L1,P005806,570
L1,P005512,571
L1,P002797,572
L1,P002360,573
L1,P002152,574
L1,P000750,575
L1,P003647,576
L1,P001405,577
L1,P002591,578
L1,P004987,579
L1,P002149,580
L1,P003599,581
L1,P001161,582
L1,P005449,583
L1,P006763,584
L1,P001856,585
L1,P006053,586
L1,P005532,587
L1,P000112,588
L1,P005865,589
L1,P004052,590
L1,P003860,591
L1,P003362,592
L1,P003580,593
L1,P004684,594
L1,P000425,595
L1,P001744,596
L1,P004467,597
L1,P006166,598
L1,P003254,599
L1,P003758,600
L1,P003820,601
L1,P000325,602
L1,P001664,603
L1,P004779,604
L1,P000572,605
L1,P001049,606
L1,P004586,607
L1,P000635,608
L1,P001422,609
L1,P006774,610
L1,P000493,611
L1,P000630,612
L1,P000178,613
L1,P000341,614
L1,P000489,615
L1,P004808,616
L1,P000046,617
L1,P004800,618
L1,P005126,619
L1,P000479,620
L1,P000605,621
L1,P006885,622
L1,P003512,623
L1,P004283,624
L1,P000672,625
L1,P002825,626
L1,P005090,627
L1,P005540,628
L1,P006368,629
L1,P000094,630
L1,P001846,631
L1,P005205,632
L1,P003040,633
L1,P004899,634
L1,P002358,635
L1,P001500,636
L1,P002906,637
L1,P006020,638
L1,P006617,639
L1,P002713,640
L1,P005798,641
L1,P000271,642
L1,P005458,643
L1,P002145,644
L1,P006301,645
L1,P001308,646
L1,P005816,647
L1,P006895,648
L1,P001249,649
L1,P005612,650
L1,P005541,651
L1,P002689,652
L1,P004753,653
L1,P006033,654
L1,P006151,655
L1,P005040,656
L1,P006559,657
L1,P003054,658
L1,P006514,659
L1,P000158,660
L1,P001318,661
L1,P003604,662
L1,P002023,663
L1,P005319,664
L1,P001084,665
L1,P001999,666
L1,P006185,667
L1,P003667,668
L1,P003060,669
L1,P006629,670
L1,P000182,671
L1,P002261,672
L1,P004193,673
L1,P002829,674
L1,P003715,675
L1,P003658,676
L1,P004521,677
L1,P004524,678
L1,P002468,679
L1,P001036,680
L1,P006164,681
L1,P001142,682
L1,P004552,683
L1,P001826,684
L1,P001180,685
L1,P000826,686
L1,P004102,687
L1,P001944,688
L1,P003373,689
L1,P001455,690
L1,P005080,691
L1,P003626,692
L1,P005777,693
L1,P005410,694
L1,P003167,695
L1,P003811,696
L1,P003891,697
L1,P002690,698
L1,P001137,699
L1,P004575,700
L2,P003347,1
L2,P000742,2
L2,P004590,3
L2,P002852,4
L2,P001031,5
L2,P002014,6
L2,P002717,7
L2,P003921,8
L2,P002963,9
L2,P002458,10
L2,P006410,11
L2,P000362,12
L2,P005315,13
L2,P001604,14
L2,P004773,15
L2,P006925,16
L2,P000398,17
L2,P000904,18
L2,P004859,19
L2,P005305,20
L2,P001779,21
L2,P004895,22
L2,P003300,23
L2,P003483,24
L2,P000691,25
L2,P003480,26
L2,P002276,27
L2,P001062,28
L2,P003037,29
L2,P001498,30
L2,P004333,31
L2,P005742,32
L2,P002060,33
L2,P004017,34
L2,P002799,35
L2,P000090,36
L2,P001202,37
L2,P006750,38
L2,P000960,39
L2,P001938,40
L2,P006046,41
L2,P003942,42
L2,P003886,43
L2,P002917,44
L2,P006090,45
L2,P005505,46
L2,P005998,47
L2,P000818,48
L2,P002674,49
L2,P001923,50
L2,P001450,51
L2,P006538,52
L2,P003411,53
L2,P001554,54
L2,P005360,55
L2,P002568,56
L2,P000924,57
L2,P002422,58
L2,P000746,59
L2,P003876,60
L2,P005342,61
L2,P002449,62
L2,P005357,63
L2,P006992,64
L2,P006817,65
L2,P001808,66
L2,P000050,67
L2,P005954,68
L2,P003113,69
L2,P000522,70
L2,P003059,71
L2,P000235,72
L2,P002693,73
L2,P004356,74
L2,P002019,75
L2,P001515,76
L2,P004573,77
L2,P000873,78
L2,P004255,79
L2,P001239,80
L2,P001236,81
L2,P000543,82
L2,P006743,83
L2,P006598,84
L2,P000413,85
L2,P002161,86
L2,P002008,87
L2,P005441,88
L2,P002705,89
L2,P001002,90
L2,P002044,91
L2,P004802,92
L2,P005686,93
L2,P006287,94
L2,P000092,95
L2,P004835,96
L2,P003972,97
L2,P006670,98
L2,P001684,99
L2,P005849,100
L2,P000360,101
L2,P002900,102
L2,P002965,103
L2,P004206,104
L2,P005533,105
L2,P002334,106
L2,P003557,107
L2,P000617,108
L2,P006461,109
L2,P004567,110
L2,P006436,111
L2,P004088,112
L2,P001497,113
L2,P005274,114
L2,P004075,115
L2,P001981,116
L2,P005660,117
L2,P002238,118
L2,P005013,119
L2,P003182,120
L2,P005228,121
L2,P002447,122
L2,P001702,123
L2,P002452,124
L2,P004407,125
L2,P003458,126
L2,P006742,127
L2,P005829,128
L2,P002594,129
L2,P005477,130
L2,P003019,131
L2,P004505,132
L2,P000407,133
L2,P006829,134
L2,P004242,135
L2,P003408,136
L2,P004093,137
L2,P002960,138
L2,P000908,139
L2,P004370,140
L2,P006116,141
L2,P006797,142
L2,P004732,143
L2,P005045,144
L2,P006543,145
L2,P004337,146
L2,P002881,147
L2,P003941,148
L2,P000541,149
L2,P005653,150
L2,P004819,151
L2,P003102,152
L2,P000347,153
L2,P002605,154
L2,P001477,155
L2,P002260,156
L2,P003909,157
L2,P001536,158
L2,P005596,159
L2,P005915,160
L2,P001025,161
L2,P003097,162
L2,P003806,163
L2,P002401,164
L2,P004243,165
L2,P006630,166
L2,P004550,167
L2,P002491,168
L2,P004510,169
L2,P001990,170
L2,P002400,171
L2,P006103,172
L2,P006202,173
L2,P006215,174
L2,P006407,175
L2,P002515,176
L2,P005967,177
L2,P003219,178
L2,P006796,179
L2,P000608,180
L2,P006915,181
L2,P000802,182
L2,P001764,183
L2,P001340,184
L2,P005763,185
L2,P005029,186
L2,P005523,187
L2,P001949,188
L2,P005236,189
L2,P004569,190
L2,P005289,191
L2,P005371,192
L2,P000912,193
L2,P001372,194
L2,P003623,195
L2,P000482,196
L2,P001590,197
L2,P005569,198
L2,P004720,199
L2,P000261,200
L2,P005334,201
L2,P003076,202
L2,P003561,203
L2,P001006,204
L2,P004520,205
L2,P001752,206
L2,P001487,207
L2,P000110,208
L2,P002950,209
L2,P005646,210
L2,P000310,211
L2,P001111,212
L2,P004606,213
L2,P001100,214
L2,P005839,215
L2,P001061,216
L2,P000051,217
L2,P005112,218
L2,P002890,219
L2,P005847,220
L2,P006902,221
L2,P004654,222
L2,P001382,223
L2,P003083,224
L2,P005979,225
L2,P005131,226
L2,P001558,227
L2,P005454,228
L2,P006603,229
L2,P000938,230
L2,P000843,231
L2,P004126,232
L2,P002661,233
L2,P004872,234
L2,P002846,235
L2,P006270,236
L2,P000119,237
L2,P002103,238
L2,P002865,239
L2,P000370,240
L2,P003331,241
L2,P004679,242
L2,P003617,243
L2,P000881,244
L2,P000299,245
L2,P004453,246
L2,P000720,247
L2,P005332,248
L2,P006114,249
L2,P001420,250
L2,P001963,251
L2,P003733,252
L2,P004196,253
L2,P002541,254
L2,P005019,255
L2,P003633,256
L2,P005331,257
L2,P000609,258
L2,P006483,259
L2,P006167,260
L2,P001760,261
L2,P000423,262
L2,P005356,263
L2,P000791,264
L2,P006912,265
L2,P002882,266
L2,P001469,267
L2,P004107,268
L2,P000440,269
L2,P002945,270
L2,P005982,271
L2,P000736,272
L2,P005584,273
L2,P000485,274
L2,P005284,275
L2,P001272,276
L2,P000995,277
L2,P003979,278
L2,P004039,279
L2,P001868,280
L2,P004946,281
L2,P003594,282
L2,P000943,283
L2,P001095,284
L2,P000434,285
L2,P002219,286
L2,P005364,287
L2,P005853,288
L2,P005070,289
L2,P005452,290
L2,P001068,291
L2,P003218,292
L2,P001984,293
L2,P000926,294
L2,P003403,295
L2,P004097,296
L2,P004023,297
L2,P002548,298
L2,P005732,299
L2,P001795,300
L2,P004236,301
L2,P003510,302
L2,P002026,303
L2,P000655,304
L2,P000977,305
L2,P006896,306
L2,P002703,307
L2,P004181,308
L2,P000838,309
L2,P001538,310
L2,P003304,311
L2,P004964,312
L2,P003661,313
L2,P005804,314
L2,P006473,315
L2,P001047,316
L2,P004215,317
L2,P004693,318
L2,P003380,319
L2,P002286,320
L2,P002889,321
L2,P003207,322
L2,P005934,323
L2,P002681,324
L2,P003172,325
L2,P006421,326
L2,P001571,327
L2,P000531,328
L2,P000486,329
L2,P002559,330
L2,P003799,331
L2,P005576,332
L2,P000909,333
L2,P000597,334
L2,P003042,335
L2,P004273,336
L2,P005738,337
L2,P006723,338
L2,P005726,339
L2,P001038,340
L2,P002761,341
L2,P000931,342
L2,P004879,343
L2,P000816,344
L2,P005716,345
L2,P005263,346
L2,P001602,347
L2,P002064,348
L2,P006370,349
L2,P002885,350
L2,P006828,351
L2,P001256,352
L2,P005271,353
L2,P004809,354
L2,P006497,355
L2,P003817,356
L2,P004763,357
L2,P005059,358
L2,P003700,359
L2,P004436,360
L2,P004540,361
L2,P002443,362
L2,P006416,363
L2,P004220,364
L2,P005974,365
L2,P003482,366
L2,P006249,367
L2,P001682,368
L2,P000254,369
L2,P004035,370
L2,P000990,371
L2,P000716,372
L2,P005783,373
L2,P006043,374
L2,P004055,375
L2,P001015,376
L2,P000981,377
L2,P006642,378
L2,P005803,379
L2,P001943,380
L2,P000387,381
L2,P006178,382
L2,P001502,383
L2,P003770,384
L2,P002932,385
L2,P000913,386
L2,P006060,387
L2,P002589,388
L2,P004073,389
L2,P005997,390
L2,P006180,391
L2,P003765,392
L2,P001362,393
L2,P002643,394
L2,P005950,395
L2,P000754,396
L2,P001103,397
L2,P000105,398
L2,P000542,399
L2,P000992,400
L2,P003031,401
L2,P005176,402
L2,P000032,403
L2,P001656,404
L2,P006859,405
L2,P002560,406
L2,P003999,407
L2,P006182,408
L2,P003430,409
L2,P002125,410
L2,P000224,411
L2,P001189,412
L2,P000571,413
L2,P003186,414
L2,P003340,415
L2,P002921,416
L2,P001182,417
L2,P006289,418
L2,P001174,419
L2,P004049,420
L2,P005137,421
L2,P001401,422
L2,P001845,423
L2,P003092,424
L2,P004042,425
L2,P003057,426
L2,P006330,427
L2,P006441,428
L2,P004595,429
L2,P003531,430
L2,P005892,431
L2,P006293,432
L2,P002512,433
L2,P001919,434
L2,P003781,435
L2,P004692,436
L2,P004058,437
L2,P003134,438
L2,P004044,439
L2,P000472,440
L2,P006926,441
L2,P005893,442
L2,P005317,443
L2,P006813,444
L2,P001638,445
L2,P006237,446
L2,P002231,447
L2,P002430,448
L2,P004263,449
L2,P003691,450
L2,P006439,451
L2,P005565,452
L2,P003146,453
L2,P005690,454
L2,P004081,455
L2,P001009,456
L2,P002795,457
L2,P001135,458
L2,P001911,459
L2,P000674,460
L2,P000539,461
L2,P000666,462
L2,P006631,463
L2,P006890,464
L2,P003935,465
L2,P006343,466
L2,P003143,467
L2,P004951,468
L2,P005658,469
L2,P000861,470
L2,P005179,471
L2,P000313,472
L2,P000176,473
L2,P000053,474
L2,P004169,475
L2,P006159,476
L2,P000480,477
L2,P005718,478
L2,P001462,479
L2,P005850,480
L2,P006225,481
L2,P003174,482
L2,P002801,483
L2,P001407,484
L2,P001242,485
L2,P003466,486
L2,P005647,487
L2,P000687,488
L2,P003839,489
L2,P001880,490
L2,P000344,491
L2,P002671,492
L2,P005938,493
L2,P000167,494
L2,P002735,495
L2,P003539,496
L2,P001958,497
L2,P001071,498
L2,P001798,499
L2,P002637,500
L2,P003391,501
L2,P006954,502
L2,P005133,503
L2,P006510,504
L2,P005286,505
L2,P000076,506
L2,P004182,507
L2,P004191,508
L2,P003499,509
L2,P004179,510
L2,P004511,511
L2,P001284,512
L2,P006086,513
L2,P005180,514
L2,P002293,515
L2,P000603,516
L2,P003835,517
L2,P001160,518
L2,P004744,519
L2,P006068,520
L2,P001445,521
L2,P003120,522
L2,P002368,523
L2,P001854,524
L2,P000257,525
L2,P001955,526
L2,P005878,527
L2,P003622,528
L2,P006208,529
L2,P002143,530
L2,P002927,531
L2,P003722,532
L2,P001501,533
L2,P005229,534
L2,P006271,535
L2,P006637,536
L2,P004165,537
L2,P005096,538
L2,P000983,539
L2,P004728,540
L2,P000419,541
L2,P001481,542
L2,P005591,543
L2,P000459,544
L2,P003237,545
L2,P000060,546
L2,P002519,547
L2,P002779,548
L2,P000063,549
L2,P004157,550
L2,P006707,551
L2,P004094,552
L2,P003914,553
L2,P001393,554
L2,P005068,555
L2,P002218,556
L2,P005120,557
L2,P002450,558
L2,P002105,559
L2,P000568,560
L2,P003098,561
L2,P002162,562
L2,P003889,563
L2,P000787,564
L2,P006041,565
L2,P005431,566
L2,P005501,567
L2,P006468,568
L2,P002897,569
L2,P002341,570
L2,P004761,571
L2,P004415,572
L2,P000017,573
L2,P002662,574
L2,P002376,575
L2,P002628,576
L2,P001736,577
L2,P002986,578
L2,P001480,579
L2,P005843,580
L2,P002070,581
L2,P002603,582
L2,P005820,583
L2,P000839,584
L2,P005191,585
L2,P003151,586
L2,P001559,587
L2,P000615,588
L2,P001258,589
L2,P003436,590
L2,P006014,591
L2,P006608,592
L2,P002127,593
L2,P003669,594
L2,P003764,595
L2,P005386,596
L2,P002919,597
L2,P001191,598
L2,P004365,599
L2,P005793,600
L2,P003188,601
L2,P003838,602
L2,P005199,603
L2,P003694,604
L2,P006869,605
L2,P005727,606
L2,P001192,607
L2,P000767,608
L2,P001259,609
L2,P006153,610
L2,P003343,611
L2,P006356,612
L2,P006109,613
L2,P005475,614
L2,P003392,615
L2,P004138,616
L2,P002988,617
L2,P000996,618
L2,P001294,619
L2,P002011,620
L2,P001623,621
L2,P000989,622
L2,P001622,623
L2,P001222,624
L2,P002460,625
L2,P002556,626
L2,P002908,627
L2,P005613,628
L2,P006879,629
L2,P000811,630
L2,P004397,631
L2,P002753,632
L2,P001807,633
L2,P006705,634
L2,P003348,635
L2,P000332,636
L2,P004038,637
L2,P005075,638
L2,P004991,639
L2,P003687,640
L2,P000656,641
L2,P000504,642
L2,P003216,643
L2,P002792,644
L2,P000665,645
L2,P003082,646
L2,P001485,647
L2,P003282,648
L2,P004334,649
L2,P003397,650
L2,P006880,651
L2,P002291,652
L2,P000080,653
L2,P004159,654
L2,P006241,655
L2,P001396,656
L2,P000381,657
L2,P006380,658
L2,P004733,659
L2,P002511,660
L2,P000820,661
L2,P003643,662
L2,P001877,663
L2,P006080,664
L2,P003239,665
L2,P006942,666
L2,P003739,667
L2,P005455,668
L2,P004745,669
L2,P006494,670
L2,P003316,671
L2,P004183,672
L2,P003259,673
L2,P003723,674
L2,P005852,675
L2,P004261,676
L2,P000227,677
L2,P006243,678
L2,P000375,679
L2,P000056,680
L2,P001271,681
L2,P005992,682
L2,P004716,683
L2,P001621,684
L2,P003517,685
L2,P005233,686
L2,P006628,687
L2,P002432,688
L2,P004617,689
L2,P004246,690
L2,P004515,691
L2,P006938,692
L2,P001860,693
L2,P006583,694
L2,P001356,695
L2,P004917,696
L2,P001863,697
L2,P002384,698
L2,P000127,699
L2,P006195,700
L3,P003456,1
L3,P000947,2
L3,P002841,3
L3,P005403,4
L3,P006481,5
L3,P006715,6
L3,P005345,7
L3,P005838,8
L3,P006487,9
L3,P006788,10
L3,P002922,11
L3,P002193,12
L3,P005707,13
L3,P004754,14
L3,P004328,15
L3,P003854,16
L3,P001248,17
L3,P003226,18
L3,P004084,19
L3,P006141,20
L3,P004788,21
L3,P002441,22
L3,P005249,23
L3,P000680,24
L3,P005143,25
L3,P002274,26
L3,P006939,27
L3,P003968,28
L3,P006544,29
L3,P001145,30
L3,P004594,31
L3,P001434,32
L3,P003152,33
L3,P003141,34
L3,P002976,35
L3,P003453,36
L3,P005222,37
L3,P004325,38
L3,P002239,39
L3,P004266,40
L3,P002122,41
L3,P004410,42
L3,P003032,43
L3,P004240,44
L3,P006573,45
L3,P004557,46
L3,P003117,47
L3,P003803,48
L3,P003020,49
L3,P002494,50
L3,P005021,51
L3,P006127,52
L3,P004184,53
L3,P002868,54
L3,P003024,55
L3,P000855,56
L3,P002824,57
L3,P002263,58
L3,P004780,59
L3,P001349,60
L3,P003709,61
L3,P002330,62
L3,P003905,63
L3,P005606,64
L3,P000189,65
L3,P005121,66
L3,P000994,67
L3,P001966,68
L3,P002434,69
L3,P000354,70
L3,P004274,71
L3,P000898,72
L3,P005231,73
L3,P006673,74
L3,P000262,75
L3,P003488,76
L3,P001463,77
L3,P002622,78
L3,P006232,79
L3,P006576,80
L3,P004249,81
L3,P002307,82
L3,P006518,83
L3,P005001,84
L3,P002379,85
L3,P002001,86
L3,P001822,87
L3,P001343,88
L3,P001580,89
L3,P006943,90
L3,P000415,91
L3,P004223,92
L3,P002521,93
L3,P004168,94
L3,P005677,95
L3,P000446,96
L3,P000107,97
L3,P002813,98
L3,P000353,99
L3,P005539,100
L3,P006606,101
L3,P000044,102
L3,P004770,103
L3,P004009,104
L3,P003459,105
L3,P001506,106
L3,P003245,107
L3,P003371,108
L3,P001522,109
L3,P006685,110
L3,P000391,111
L3,P005314,112
L3,P002141,113
L3,P000948,114
L3,P002048,115
L3,P001661,116
L3,P004473,117
L3,P000808,118
L3,P006799,119
L3,P005292,120
L3,P002183,121
L3,P005437,122
L3,P001410,123
L3,P002259,124
L3,P004620,125
L3,P003209,126
L3,P005930,127
L3,P006190,128
L3,P004377,129
L3,P002646,130
L3,P003966,131
L3,P005681,132
L3,P003814,133
L3,P001311,134
L3,P002524,135
L3,P003118,136
L3,P004863,137
L3,P001273,138
L3,P002420,139
L3,P005500,140
L3,P006953,141
L3,P001245,142
L3,P004280,143
L3,P002438,144
L3,P006113,145
L3,P003674,146
L3,P001108,147
L3,P000502,148
L3,P000386,149
L3,P004346,150
L3,P006843,151
L3,P003329,152
L3,P000471,153
L3,P002680,154
L3,P001729,155
L3,P006044,156
L3,P001117,157
L3,P000392,158
L3,P004431,159
L3,P000759,160
L3,P002000,161
L3,P006183,162
L3,P004758,163
L3,P000854,164
L3,P002324,165
L3,P004730,166
L3,P006179,167
L3,P004114,168
L3,P005862,169
L3,P004316,170
L3,P005269,171
L3,P000946,172
L3,P004603,173
L3,P003277,174
L3,P006819,175
L3,P000549,176
L3,P003801,177
L3,P004605,178
L3,P000829,179
L3,P006680,180
L3,P000454,181
L3,P002308,182
L3,P000602,183
L3,P001216,184
L3,P002117,185
L3,P002107,186
L3,P000003,187
L3,P004500,188
L3,P003476,189
L3,P005285,190
L3,P001812,191
L3,P002966,192
L3,P000144,193
L3,P005824,194
L3,P004691,195
L3,P005899,196
L3,P001233,197
L3,P003197,198
L3,P006397,199
L3,P002551,200
L3,P006329,201
L3,P002050,202
L3,P001306,203
L3,P003773,204
L3,P003738,205
L3,P003795,206
L3,P000801,207
L3,P005308,208
L3,P000971,209
L3,P004734,210
L3,P002588,211
L3,P004979,212
L3,P004971,213
L3,P004099,214
L3,P000550,215
L3,P006192,216
L3,P002581,217
L3,P004638,218
L3,P002348,219
L3,P006621,220
L3,P000942,221
L3,P001725,222
L3,P003202,223
L3,P003446,224
L3,P002711,225
L3,P004175,226
L3,P002866,227
L3,P004259,228
L3,P004466,229
L3,P006511,230
L3,P003666,231
L3,P006342,232
L3,P004376,233
L3,P003034,234
L3,P005162,235
L3,P006602,236
L3,P006920,237
L3,P003381,238
L3,P004963,239
L3,P004015,240
L3,P000012,241
L3,P005794,242
L3,P000385,243
L3,P004029,244
L3,P005369,245
L3,P004464,246
L3,P001415,247
L3,P000213,248
L3,P001433,249
L3,P003873,250
L3,P001647,251
L3,P004068,252
L3,P002201,253
L3,P003577,254
L3,P003261,255
L3,P000950,256
L3,P001021,257
L3,P003225,258
L3,P006376,259
L3,P002244,260
L3,P000639,261
L3,P006677,262
L3,P003187,263
L3,P002364,264
L3,P006681,265
L3,P004291,266
L3,P001027,267
L3,P005825,268
L3,P000500,269
L3,P003901,270
L3,P004961,271
L3,P006811,272
L3,P006219,273
L3,P003551,274
L3,P001310,275
L3,P006001,276
L3,P000037,277
L3,P001718,278
L3,P000211,279
L3,P004881,280
L3,P002109,281
L3,P006668,282
L3,P004519,283
L3,P001164,284
L3,P004737,285
L3,P002899,286
L3,P001847,287
L3,P000634,288
L3,P000364,289
L3,P005248,290
L3,P005936,291
L3,P005611,292
L3,P002564,293
L3,P002128,294
L3,P005473,295
L3,P002624,296
L3,P006856,297
L3,P006999,298
L3,P005141,299
L3,P001669,300
L3,P006338,301
L3,P006451,302
L3,P002544,303
L3,P003947,304
L3,P005964,305
L3,P001692,306
L3,P005478,307
L3,P002225,308
L3,P006244,309
L3,P000870,310
L3,P001012,311
L3,P006930,312
L3,P004644,313
L3,P001952,314
L3,P006323,315
L3,P006019,316
L3,P001579,317
L3,P003696,318
L3,P002097,319
L3,P004867,320
L3,P001988,321
L3,P001054,322
L3,P004033,323
L3,P001214,324
L3,P004624,325
L3,P002957,326
L3,P004856,327
L3,P002295,328
L3,P001824,329
L3,P003959,330
L3,P003400,331
L3,P004294,332
L3,P005306,333
L3,P001619,334
L3,P006196,335
L3,P006971,336
L3,P002114,337
L3,P005946,338
L3,P003957,339
L3,P002139,340
L3,P006102,341
L3,P003563,342
L3,P001953,343
L3,P006360,344
L3,P003104,345
L3,P005204,346
L3,P006578,347
L3,P004864,348
L3,P002516,349
L3,P004158,350
L3,P004887,351
L3,P004011,352
L3,P003938,353
L3,P003317,354
L3,P003301,355
L3,P000576,356
L3,P003520,357
L3,P001596,358
L3,P005963,359
L3,P003776,360
L3,P005108,361
L3,P003433,362
L3,P003468,363
L3,P000490,364
L3,P005373,365
L3,P006987,366
L3,P006600,367
L3,P003199,368
L3,P005616,369
L3,P006542,370
L3,P006698,371
L3,P001476,372
L3,P005545,373
L3,P001928,374
L3,P000895,375
L3,P000518,376
L3,P005689,377
L3,P000089,378
L3,P005988,379
L3,P000015,380
L3,P002867,381
L3,P004759,382
L3,P004793,383
L3,P005648,384
L3,P000963,385
L3,P006171,386
L3,P005682,387
L3,P005260,388
L3,P000125,389
L3,P003493,390
L3,P004412,391
L3,P005497,392
L3,P002417,393
L3,P004394,394
L3,P002633,395
L3,P005245,396
L3,P006267,397
L3,P004134,398
L3,P003842,399
L3,P001488,400
L3,P005695,401
L3,P000850,402
L3,P003810,403
L3,P005022,404
L3,P003200,405
L3,P005848,406
L3,P002033,407
L3,P001789,408
L3,P004676,409
L3,P001832,410
L3,P002610,411
L3,P002158,412
L3,P005722,413
L3,P001676,414
L3,P003041,415
L3,P000708,416
L3,P004929,417
L3,P000562,418
L3,P005456,419
L3,P000246,420
L3,P004707,421
L3,P006491,422
L3,P004983,423
L3,P004648,424
L3,P001959,425
L3,P005418,426
L3,P000845,427
L3,P000437,428
L3,P004285,429
L3,P006325,430
L3,P000321,431
L3,P006820,432
L3,P001380,433
L3,P001208,434
L3,P002342,435
L3,P000952,436
L3,P004543,437
L3,P005969,438
L3,P000679,439
L3,P002724,440
L3,P002993,441
L3,P001573,442
L3,P000199,443
L3,P004978,444
L3,P000301,445
L3,P006745,446
L3,P005481,447
L3,P002567,448
L3,P003243,449
L3,P006641,450
L3,P004360,451
L3,P003463,452
L3,P001028,453
L3,P005691,454
L3,P002601,455
L3,P002137,456
L3,P002004,457
L3,P002467,458
L3,P003908,459
L3,P004390,460
L3,P000070,461
L3,P004908,462
L3,P005136,463
L3,P001876,464
L3,P006922,465
L3,P004090,466
L3,P003730,467
L3,P005883,468
L3,P002463,469
L3,P006724,470
L3,P006729,471
L3,P003429,472
L3,P001099,473
L3,P002331,474
L3,P004171,475
L3,P003115,476
L3,P001735,477
L3,P002991,478
L3,P003998,479
L3,P001412,480
L3,P003114,481
L3,P002170,482
L3,P005257,483
L3,P006344,484
L3,P001781,485
L3,P003135,486
L3,P002240,487
L3,P001251,488
L3,P006417,489
L3,P005581,490
L3,P001991,491
L3,P006279,492
L3,P000444,493
L3,P003969,494
L3,P002325,495
L3,P004214,496
L3,P006667,497
L3,P005808,498
L3,P004657,499
L3,P005526,500
L3,P005174,501
L3,P006744,502
L3,P003832,503
L3,P000975,504
L3,P003012,505
L3,P000221,506
L3,P001715,507
L3,P003782,508
L3,P003073,509
L3,P003363,510
L3,P006609,511
L3,P001359,512
L3,P002587,513
L3,P001932,514
L3,P000120,515
L3,P005723,516
L3,P001608,517
L3,P004277,518
L3,P001212,519
L3,P005235,520
L3,P005633,521
L3,P001385,522
L3,P003663,523
L3,P000723,524
L3,P004149,525
L3,P004631,526
L3,P001404,527
L3,P003438,528
L3,P002253,529
L3,P003393,530
L3,P004077,531
L3,P002220,532
L3,P004563,533
L3,P006615,534
L3,P006545,535
L3,P001658,536
L3,P005443,537
L3,P001224,538
L3,P001883,539
L3,P005699,540
L3,P001768,541
L3,P003505,542
L3,P004545,543
L3,P000273,544
L3,P005978,545
L3,P003641,546
L3,P003855,547
L3,P006460,548
L3,P001634,549
L3,P001979,550
L3,P006177,551
L3,P002893,552
L3,P001107,553
L3,P001659,554
L3,P000822,555
L3,P006363,556
L3,P001333,557
L3,P006712,558
L3,P001371,559
L3,P004260,560
L3,P002354,561
L3,P003887,562
L3,P001223,563
L3,P006464,564
L3,P003009,565
L3,P002457,566
L3,P006775,567
L3,P002772,568
L3,P004778,569
L3,P005796,570
L3,P000688,571
L3,P002390,572
L3,P005290,573
L3,P002156,574
L3,P000560,575
L3,P006974,576
L3,P003788,577
L3,P000596,578
L3,P004555,579
L3,P002247,580
L3,P003515,581
L3,P005200,582
L3,P006119,583
L3,P002787,584
L3,P000640,585
L3,P001610,586
L3,P004708,587
L3,P005597,588
L3,P002719,589
L3,P000606,590
L3,P002886,591
L3,P002040,592
L3,P000264,593
L3,P005366,594
L3,P002677,595
L3,P002938,596
L3,P002973,597
L3,P005510,598
L3,P000441,599
L3,P002160,600
L3,P000122,601
L3,P004970,602
L3,P006049,603
L3,P003800,604
L3,P004523,605
L3,P005128,606
L3,P003132,607
L3,P005530,608
L3,P003695,609
L3,P000697,610
L3,P005213,611
L3,P005607,612
L3,P002116,613
L3,P002065,614
L3,P000009,615
L3,P004101,616
L3,P001010,617
L3,P005079,618
L3,P006305,619
L3,P005604,620
L3,P005859,621
L3,P000192,622
L3,P004782,623
L3,P002221,624
L3,P001292,625
L3,P006636,626
L3,P002042,627
L3,P002096,628
L3,P005160,629
L3,P006444,630
L3,P005913,631
L3,P005165,632
L3,P003720,633
L3,P004995,634
L3,P006353,635
L3,P006814,636
L3,P005922,637
L3,P001505,638
L3,P002287,639
L3,P002804,640
L3,P004900,641
L3,P002702,642
L3,P003718,643
L3,P004502,644
L3,P003119,645
L3,P005149,646
L3,P006612,647
L3,P004021,648
L3,P005153,649
L3,P003052,650
L3,P005287,651
L3,P002228,652
L3,P001831,653
L3,P000565,654
L3,P002523,655
L3,P004043,656
L3,P005214,657
L3,P003084,658
L3,P003263,659
L3,P005492,660
L3,P002821,661
L3,P003171,662
L3,P002861,663
L3,P006505,664
L3,P006392,665
L3,P004958,666
L3,P006776,667
L3,P005117,668
L3,P006121,669
L3,P006037,670
L3,P000357,671
L3,P005239,672
L3,P002362,673
L3,P004197,674
L3,P000100,675
L3,P006048,676
L3,P004668,677
L3,P000210,678
L3,P003338,679
L3,P001691,680
L3,P006929,681
L3,P003039,682
L3,P003870,683
L3,P004886,684
L3,P000545,685
L3,P006737,686
L3,P006290,687
L3,P004142,688
L3,P000834,689
L3,P002169,690
L3,P004711,691
L3,P006352,692
L3,P006904,693
L3,P001617,694
L3,P001207,695
L3,P004925,696
L3,P001051,697
L3,P006899,698
L3,P000215,699
L3,P001400,700
L4,P000109,1
L4,P005993,2
L4,P003558,3
L4,P005189,4
L4,P003951,5
L4,P006499,6
L4,P003693,7
L4,P000233,8
L4,P000745,9
L4,P000577,10
L4,P003725,11
L4,P005020,12
L4,P000871,13
L4,P001442,14
L4,P005570,15
L4,P004320,16
L4,P002448,17
L4,P004257,18
L4,P006111,19
L4,P004514,20
L4,P005175,21
L4,P000388,22
L4,P004919,23
L4,P006415,24
L4,P001023,25
L4,P000509,26
L4,P002831,27
L4,P004109,28
L4,P002629,29
L4,P002985,30
L4,P000340,31
L4,P003313,32
L4,P005400,33
L4,P001217,34
L4,P002752,35
L4,P002010,36
L4,P003509,37
L4,P001129,38
L4,P002777,39
L4,P006263,40
L4,P003579,41
L4,P002481,42
L4,P002998,43
L4,P006013,44
L4,P002442,45
L4,P000283,46
L4,P005664,47
L4,P005815,48
L4,P001468,49
L4,P000318,50
L4,P005471,51
L4,P001127,52
L4,P005713,53
L4,P004896,54
L4,P005864,55
L4,P001126,56
L4,P003027,57
L4,P006466,58
L4,P000856,59
L4,P005771,60
L4,P004623,61
L4,P002810,62
L4,P003439,63
L4,P003275,64
L4,P003639,65
L4,P003714,66
L4,P003991,67
L4,P005791,68
L4,P000555,69
L4,P005041,70
L4,P000980,71
L4,P005401,72
L4,P006221,73
L4,P006787,74
L4,P002648,75
L4,P004714,76
L4,P006272,77
L4,P003934,78
L4,P003339,79
L4,P002118,80
L4,P003308,81
L4,P002751,82
L4,P004219,83
L4,P001427,84
L4,P000558,85
L4,P004574,86
L4,P004118,87
L4,P001652,88
L4,P000289,89
L4,P006946,90
L4,P005299,91
L4,P001168,92
L4,P002273,93
L4,P002474,94
L4,P000145,95
L4,P003294,96
L4,P002133,97
L4,P000248,98
L4,P006266,99
L4,P004221,100
L4,P000954,101
L4,P005402,102
L4,P005393,103
L4,P003352,104
L4,P003562,105
L4,P000153,106
L4,P000532,107
L4,P002211,108
L4,P003128,109
L4,P004335,110
L4,P006525,111
L4,P005630,112
L4,P006535,113
L4,P006863,114
L4,P004715,115
L4,P001181,116
L4,P001448,117
L4,P005151,118
L4,P000123,119
L4,P000238,120
L4,P001858,121
L4,P000728,122
L4,P003409,123
L4,P001080,124
L4,P006324,125
L4,P004462,126
L4,P005580,127
L4,P002020,128
L4,P000198,129
L4,P006676,130
L4,P001345,131
L4,P001176,132
L4,P000453,133
L4,P000846,134
L4,P000506,135
L4,P004022,136
L4,P002847,137
L4,P006991,138
L4,P000349,139
L4,P002363,140
L4,P005238,141
L4,P001861,142
L4,P000152,143
L4,P005643,144
L4,P005089,145
L4,P006996,146
L4,P002243,147
L4,P003111,148
L4,P002842,149
L4,P004769,150
L4,P002314,151
L4,P004525,152
L4,P001402,153
L4,P006577,154
L4,P004096,155
L4,P004934,156
L4,P006580,157
L4,P003833,158
L4,P002177,159
L4,P006056,160
L4,P006399,161
L4,P003875,162
L4,P003548,163
L4,P001989,164
L4,P005959,165
L4,P002808,166
L4,P002688,167
L4,P005258,168
L4,P005579,169
L4,P004993,170
L4,P000088,171
L4,P005714,172
L4,P006910,173
L4,P004310,174
L4,P005764,175
L4,P002272,176
L4,P006663,177
L4,P003925,178
L4,P002843,179
L4,P001828,180
L4,P003519,181
L4,P006812,182
L4,P003388,183
L4,P001734,184
L4,P002746,185
L4,P003420,186
L4,P001317,187
L4,P003450,188
L4,P005146,189
L4,P003759,190
L4,P003417,191
L4,P005778,192
L4,P000456,193
L4,P003258,194
L4,P006840,195
L4,P002371,196
L4,P002683,197
L4,P000084,198
L4,P002464,199
L4,P003872,200
L4,P005380,201
L4,P006299,202
L4,P003256,203
L4,P000265,204
L4,P000886,205
L4,P002084,206
L4,P006990,207
L4,P005250,208
L4,P002351,209
L4,P005874,210
L4,P005034,211
L4,P004512,212
L4,P000267,213
L4,P003785,214
L4,P002403,215
L4,P002509,216
L4,P002743,217
L4,P001510,218
L4,P006709,219
L4,P002901,220
L4,P002365,221
L4,P002929,222
L4,P004034,223
L4,P002224,224
L4,P001315,225
L4,P005209,226
L4,P000335,227
L4,P004098,228
L4,P006687,229
L4,P004852,230
L4,P002435,231
L4,P001894,232
L4,P000302,233
L4,P003276,234
L4,P001436,235
L4,P000868,236
L4,P004822,237
L4,P004700,238
L4,P005111,239
L4,P001209,240
L4,P005743,241
L4,P006903,242
L4,P000875,243
L4,P004783,244
L4,P006718,245
L4,P001237,246
L4,P006949,247
L4,P005134,248
L4,P001948,249
L4,P000722,250
L4,P001004,251
L4,P003066,252
L4,P006550,253
L4,P000196,254
L4,P005524,255
L4,P002525,256
L4,P003435,257
L4,P002518,258
L4,P003398,259
L4,P005767,260
L4,P005061,261
L4,P003910,262
L4,P003798,263
L4,P000827,264
L4,P002611,265
L4,P006562,266
L4,P003816,267
L4,P004675,268
L4,P001825,269
L4,P002912,270
L4,P001495,271
L4,P005030,272
L4,P001643,273
L4,P006367,274
L4,P000951,275
L4,P005737,276
L4,P004689,277
L4,P003421,278
L4,P001188,279
L4,P005638,280
L4,P003899,281
L4,P004089,282
L4,P001446,283
L4,P000230,284
L4,P006658,285
L4,P000749,286
L4,P003385,287
L4,P002756,288
L4,P003268,289
L4,P002386,290
L4,P000359,291
L4,P006045,292
L4,P003050,293
L4,P000173,294
L4,P004898,295
L4,P006402,296
L4,P002982,297
L4,P006393,298
L4,P006782,299
L4,P005163,300
L4,P000889,301
L4,P001419,302
L4,P005931,303
L4,P001870,304
L4,P006764,305
L4,P004932,306
L4,P006888,307
L4,P004205,308
L4,P005861,309
L4,P004364,310
L4,P006699,311
L4,P003328,312
L4,P005420,313
L4,P000180,314
L4,P002232,315
L4,P003532,316
L4,P003888,317
L4,P005404,318
L4,P001649,319
L4,P000776,320
L4,P005670,321
L4,P006328,322
L4,P006921,323
L4,P006101,324
L4,P003657,325
L4,P006565,326
L4,P006928,327
L4,P003711,328
L4,P000209,329
L4,P002712,330
L4,P003702,331
L4,P001681,332
L4,P004901,333
L4,P005837,334
L4,P004326,335
L4,P002887,336
L4,P003196,337
L4,P000351,338
L4,P002590,339
L4,P001511,340
L4,P003672,341
L4,P002254,342
L4,P002067,343
L4,P000717,344
L4,P000867,345
L4,P001280,346
L4,P006390,347
L4,P002902,348
L4,P004116,349
L4,P006717,350
L4,P002283,351
L4,P001479,352
L4,P004649,353
L4,P003253,354
L4,P000236,355
L4,P000768,356
L4,P003006,357
L4,P005556,358
L4,P002280,359
L4,P006957,360
L4,P004602,361
L4,P004484,362
L4,P002536,363
L4,P003534,364
L4,P004306,365
L4,P002058,366
L4,P004531,367
L4,P005706,368
L4,P003142,369
L4,P000652,370
L4,P004045,371
L4,P003736,372
L4,P005558,373
L4,P006362,374
L4,P006284,375
L4,P006572,376
L4,P001426,377
L4,P006740,378
L4,P005138,379
L4,P003920,380
L4,P003156,381
L4,P005866,382
L4,P000338,383
L4,P006082,384
L4,P003424,385
L4,P006038,386
L4,P000491,387
L4,P001063,388
L4,P004650,389
L4,P006126,390
L4,P000373,391
L4,P005811,392
L4,P006824,393
L4,P002100,394
L4,P001064,395
L4,P006226,396
L4,P005381,397
L4,P004448,398
L4,P006524,399
L4,P000935,400
L4,P000905,401
L4,P005817,402
L4,P003822,403
L4,P006398,404
L4,P005436,405
L4,P006768,406
L4,P006691,407
L4,P002374,408
L4,P003829,409
L4,P006057,410
L4,P006624,411
L4,P006093,412
L4,P005093,413
L4,P004845,414
L4,P001140,415
L4,P005135,416
L4,P001437,417
L4,P003526,418
L4,P002300,419
L4,P003015,420
L4,P002389,421
L4,P006186,422
L4,P002252,423
L4,P000885,424
L4,P006671,425
L4,P000649,426
L4,P000018,427
L4,P004572,428
L4,P003996,429
L4,P001478,430
L4,P005476,431
L4,P000786,432
L4,P000910,433
L4,P003490,434
L4,P004124,435
L4,P004811,436
L4,P002554,437
L4,P000240,438
L4,P002546,439
L4,P001492,440
L4,P002869,441
L4,P003208,442
L4,P002297,443
L4,P004725,444
L4,P000073,445
L4,P005752,446
L4,P004840,447
L4,P002053,448
L4,P000906,449
L4,P002652,450
L4,P001357,451
L4,P005685,452
L4,P005329,453
L4,P000337,454
L4,P000382,455
L4,P000394,456
L4,P006924,457
L4,P005056,458
L4,P006017,459
L4,P000463,460
L4,P003812,461
L4,P005801,462
L4,P000807,463
L4,P004731,464
L4,P000540,465
L4,P004748,466
L4,P005066,467
L4,P001018,468
L4,P001985,469
L4,P002012,470
L4,P001459,471
L4,P000529,472
L4,P002586,473
L4,P003160,474
L4,P002446,475
L4,P003821,476
L4,P006021,477
L4,P005333,478
L4,P000348,479
L4,P000476,480
L4,P006455,481
L4,P003956,482
L4,P006850,483
L4,P001720,484
L4,P001931,485
L4,P002343,486
L4,P002780,487
L4,P002943,488
L4,P001300,489
L4,P001377,490
L4,P001069,491
L4,P002258,492
L4,P001070,493
L4,P006447,494
L4,P000821,495
L4,P006250,496
L4,P003441,497
L4,P003931,498
L4,P001530,499
L4,P003552,500
L4,P003159,501
L4,P006554,502
L4,P006623,503
L4,P004028,504
L4,P004905,505
L4,P006403,506
L4,P003286,507
L4,P002550,508
L4,P006639,509
L4,P006199,510
L4,P003937,511
L4,P003387,512
L4,P005989,513
L4,P004942,514
L4,P003535,515
L4,P004664,516
L4,P003047,517
L4,P000524,518
L4,P006549,519
L4,P001887,520
L4,P002355,521
L4,P004646,522
L4,P002549,523
L4,P003815,524
L4,P000579,525
L4,P001066,526
L4,P001838,527
L4,P000142,528
L4,P002121,529
L4,P004888,530
L4,P001922,531
L4,P005790,532
L4,P003903,533
L4,P005877,534
L4,P002236,535
L4,P001817,536
L4,P005276,537
L4,P003927,538
L4,P004211,539
L4,P002675,540
L4,P003232,541
L4,P006406,542
L4,P005961,543
L4,P004278,544
L4,P000418,545
L4,P003797,546
L4,P005828,547
L4,P004120,548
L4,P002279,549
L4,P003928,550
L4,P004632,551
L4,P005309,552
L4,P006970,553
L4,P003640,554
L4,P000390,555
L4,P001689,556
L4,P006391,557
L4,P003601,558
L4,P003986,559
L4,P005882,560
L4,P002196,561
L4,P004418,562
L4,P001388,563
L4,P006872,564
L4,P003432,565
L4,P001052,566
L4,P002480,567
L4,P000517,568
L4,P005447,569
L4,P004150,570
L4,P004876,571
L4,P003035,572
L4,P002553,573
L4,P004445,574
L4,P006476,575
L4,P006128,576
L4,P005650,577
L4,P000093,578
L4,P006635,579
L4,P004541,580
L4,P006099,581
L4,P001471,582
L4,P006881,583
L4,P006137,584
L4,P005941,585
L4,P002987,586
L4,P000226,587
L4,P002670,588
L4,P005870,589
L4,P000667,590
L4,P001862,591
L4,P006593,592
L4,P004999,593
L4,P001763,594
L4,P002361,595
L4,P003284,596
L4,P005833,597
L4,P004037,598
L4,P005906,599
L4,P001774,600
L4,P000428,601
L4,P004636,602
L4,P006184,603
L4,P006536,604
L4,P005810,605
L4,P002086,606
L4,P006095,607
L4,P003165,608
L4,P001772,609
L4,P003038,610
L4,P006092,611
L4,P000252,612
L4,P004125,613
L4,P004054,614
L4,P006371,615
L4,P004198,616
L4,P006914,617
L4,P002579,618
L4,P002375,619
L4,P006374,620
L4,P000188,621
L4,P003158,622
L4,P001190,623
L4,P002616,624
L4,P004458,625
L4,P005759,626
L4,P004513,627
L4,P002131,628
L4,P000658,629
L4,P005261,630
L4,P003850,631
L4,P005516,632
L4,P005225,633
L4,P006801,634
L4,P006683,635
L4,P000775,636
L4,P006433,637
L4,P004258,638
L4,P001133,639
L4,P004834,640
L4,P003344,641
L4,P006459,642
L4,P001555,643
L4,P001017,644
L4,P006366,645
L4,P004797,646
L4,P003830,647
L4,P003771,648
L4,P006000,649
L4,P005264,650
L4,P004912,651
L4,P004806,652
L4,P001549,653
L4,P003768,654
L4,P001903,655
L4,P006409,656
L4,P006210,657
L4,P003813,658
L4,P005100,659
L4,P006028,660
L4,P006118,661
L4,P002036,662
L4,P006548,663
L4,P004985,664
L4,P003843,665
L4,P004469,666
L4,P004842,667
L4,P001244,668
L4,P000604,669
L4,P000399,670
L4,P005178,671
L4,P005210,672
L4,P002726,673
L4,P005043,674
L4,P004655,675
L4,P000751,676
L4,P000443,677
L4,P005704,678
L4,P003524,679
L4,P000263,680
L4,P003170,681
L4,P005084,682
L4,P000281,683
L4,P003533,684
L4,P001373,685
L4,P005583,686
L4,P006765,687
L4,P000513,688
L4,P004457,689
L4,P002823,690
L4,P006396,691
L4,P005513,692
L4,P004374,693
L4,P001390,694
L4,P003575,695
L4,P003306,696
L4,P003297,697
L4,P006091,698
L4,P000342,699
L4,P001370,700
L5,P000260,1
L5,P004747,2
L5,P000916,3
L5,P004293,4
L5,P001572,5
L5,P004952,6
L5,P000757,7
L5,P004131,8
L5,P003323,9
L5,P002021,10
L5,P005835,11
L5,P005676,12
L5,P006995,13
L5,P003779,14
L5,P004922,15
L5,P006566,16
L5,P005242,17
L5,P003995,18
L5,P006519,19
L5,P002855,20
L5,P004742,21
L5,P004705,22
L5,P003273,23
L5,P003416,24
L5,P003769,25
L5,P006540,26
L5,P002870,27
L5,P000488,28
L5,P006040,29
L5,P002704,30
L5,P005910,31
L5,P006697,32
L5,P002080,33
L5,P004610,34
L5,P003341,35
L5,P003479,36
L5,P001059,37
L5,P004735,38
L5,P003407,39
L5,P002816,40
L5,P000699,41
L5,P005987,42
L5,P000069,43
L5,P001526,44
L5,P002318,45
L5,P000925,46
L5,P003484,47
L5,P001739,48
L5,P002383,49
L5,P005328,50
L5,P001906,51
L5,P005424,52
L5,P004666,53
L5,P002707,54
L5,P000508,55
L5,P002790,56
L5,P001872,57
L5,P004609,58
L5,P005652,59
L5,P004771,60
L5,P006012,61
L5,P002055,62
L5,P000817,63
L5,P002545,64
L5,P002892,65
L5,P005968,66
L5,P001529,67
L5,P004936,68
L5,P002120,69
L5,P001884,70
L5,P004795,71
L5,P005826,72
L5,P000575,73
L5,P001545,74
L5,P002818,75
L5,P005789,76
L5,P004339,77
L5,P001551,78
L5,P002306,79
L5,P003481,80
L5,P005842,81
L5,P003869,82
L5,P002715,83
L5,P000598,84
L5,P000451,85
L5,P002913,86
L5,P003095,87
L5,P005844,88
L5,P001797,89
L5,P006849,90
L5,P006278,91
L5,P002414,92
L5,P003847,93
L5,P003944,94
L5,P005173,95
L5,P003962,96
L5,P004119,97
L5,P003157,98
L5,P000715,99
L5,P003470,100
L5,P004350,101
L5,P006533,102
L5,P003063,103
L5,P003045,104
L5,P001246,105
L5,P002299,106
L5,P001834,107
L5,P004723,108
L5,P004629,109
L5,P002059,110
L5,P000534,111
L5,P001428,112
L5,P006701,113
L5,P005058,114
L5,P006142,115
L5,P004838,116
L5,P002508,117
L5,P002547,118
L5,P004472,119
L5,P000350,120
L5,P006956,121
L5,P005868,122
L5,P005908,123
L5,P000136,124
L5,P005673,125
L5,P006962,126
L5,P000887,127
L5,P003190,128
L5,P000074,129
L5,P006751,130
L5,P004601,131
L5,P004300,132
L5,P003379,133
L5,P004810,134
L5,P000174,135
L5,P005619,136
L5,P000054,137
L5,P001607,138
L5,P003272,139
L5,P004812,140
L5,P001992,141
L5,P001514,142
L5,P000580,143
L5,P002656,144
L5,P006523,145
L5,P001109,146
L5,P005035,147
L5,P002958,148
L5,P001965,149
L5,P000573,150
L5,P006047,151
L5,P002706,152
L5,P002271,153
L5,P004232,154
L5,P000222,155
L5,P006706,156
L5,P003923,157
L5,P004690,158
L5,P006467,159
L5,P003022,160
L5,P001032,161
L5,P006907,162
L5,P001119,163
L5,P006908,164
L5,P000894,165
L5,P006601,166
L5,P001286,167
L5,P006650,168
L5,P003426,169
L5,P003553,170
L5,P001945,171
L5,P004440,172
L5,P003221,173
L5,P004358,174
L5,P000772,175
L5,P000790,176
L5,P004680,177
L5,P002427,178
L5,P002462,179
L5,P000004,180
L5,P001745,181
L5,P003613,182
L5,P005588,183
L5,P003244,184
L5,P005628,185
L5,P005241,186
L5,P005876,187
L5,P003621,188
L5,P003592,189
L5,P006442,190
L5,P001924,191
L5,P001348,192
L5,P000028,193
L5,P004437,194
L5,P003003,195
L5,P005060,196
L5,P001179,197
L5,P000458,198
L5,P005669,199
L5,P000585,200
L5,P000570,201
L5,P002323,202
L5,P005854,203
L5,P003127,204
L5,P003606,205
L5,P005754,206
L5,P006977,207
L5,P000836,208
L5,P000583,209
L5,P000186,210
L5,P006373,211
L5,P000928,212
L5,P003591,213
L5,P005207,214
L5,P001851,215
L5,P001039,216
L5,P002510,217
L5,P002748,218
L5,P000389,219
L5,P000581,220
L5,P002830,221
L5,P001564,222
L5,P003588,223
L5,P000578,224
L5,P003846,225
L5,P001274,226
L5,P003346,227
L5,P004041,228
L5,P002146,229
L5,P002140,230
L5,P005130,231
L5,P004140,232
L5,P004814,233
L5,P000784,234
L5,P001424,235
L5,P003953,236
L5,P003332,237
L5,P003703,238
L5,P003360,239
L5,P002264,240
L5,P001742,241
L5,P001962,242
L5,P006551,243
L5,P003087,244
L5,P001079,245
L5,P003359,246
L5,P006224,247
L5,P002811,248
L5,P003067,249
L5,P001105,250
L5,P004496,251
L5,P002134,252
L5,P005891,253
L5,P003445,254
L5,P002796,255
L5,P000804,256
L5,P004357,257
L5,P004914,258
L5,P005247,259
L5,P001466,260
L5,P002075,261
L5,P001029,262
L5,P006145,263
L5,P006595,264
L5,P001889,265
L5,P002650,266
L5,P002392,267
L5,P006144,268
L5,P001865,269
L5,P005703,270
L5,P002754,271
L5,P004781,272
L5,P000477,273
L5,P000280,274
L5,P004902,275
L5,P006587,276
L5,P004826,277
L5,P004441,278
L5,P003684,279
L5,P001539,280
L5,P006520,281
L5,P005867,282
L5,P005694,283
L5,P005320,284
L5,P006401,285
L5,P003827,286
L5,P005355,287
L5,P005668,288
L5,P005562,289
L5,P000695,290
L5,P005129,291
L5,P005341,292
L5,P001749,293
L5,P006526,294
L5,P003322,295
L5,P000405,296
L5,P000762,297
L5,P004652,298
L5,P004252,299
L5,P002006,300
L5,P001765,301
L5,P006534,302
L5,P002701,303
L5,P002565,304
L5,P004618,305
L5,P003469,306
L5,P005218,307
L5,P003856,308
L5,P006952,309
L5,P003826,310
L5,P004503,311
L5,P001666,312
L5,P002404,313
L5,P000163,314
L5,P003809,315
L5,P001125,316
L5,P003896,317
L5,P003124,318
L5,P000327,319
L5,P006857,320
L5,P006124,321
L5,P003679,322
L5,P003192,323
L5,P004230,324
L5,P000503,325
L5,P006069,326
L5,P005655,327
L5,P004635,328
L5,P006108,329
L5,P005145,330
L5,P001155,331
L5,P005748,332
L5,P006280,333
L5,P000368,334
L5,P004804,335
L5,P002907,336
L5,P003462,337
L5,P002233,338
L5,P003589,339
L5,P006276,340
L5,P005052,341
L5,P002732,342
L5,P002165,343
L5,P004935,344
L5,P001650,345
L5,P002416,346
L5,P006428,347
L5,P004248,348
L5,P002883,349
L5,P001683,350
L5,P001218,351
L5,P004025,352
L5,P006506,353
L5,P000760,354
L5,P001158,355
L5,P003651,356
L5,P002800,357
L5,P004429,358
L5,P000132,359
L5,P006079,360
L5,P000803,361
L5,P003745,362
L5,P000684,363
L5,P000447,364
L5,P003849,365
L5,P003376,366
L5,P000525,367
L5,P002507,368
L5,P004404,369
L5,P005201,370
L5,P000420,371
L5,P003270,372
L5,P002858,373
L5,P002175,374
L5,P002406,375
L5,P006435,376
L5,P001892,377
L5,P005295,378
L5,P006377,379
L5,P001205,380
L5,P004408,381
L5,P000521,382
L5,P001302,383
L5,P002737,384
L5,P000919,385
L5,P001806,386
L5,P002445,387
L5,P001187,388
L5,P005071,389
L5,P006521,390
L5,P004463,391
L5,P001323,392
L5,P003053,393
L5,P000384,394
L5,P005881,395
L5,P005610,396
L5,P004384,397
L5,P002455,398
L5,P004336,399
L5,P001534,400
L5,P004173,401
L5,P003269,402
L5,P006659,403
L5,P003681,404
L5,P000733,405
L5,P005555,406
L5,P002076,407
L5,P001896,408
L5,P000475,409
L5,P002947,410
L5,P006216,411
L5,P004284,412
L5,P003963,413
L5,P000941,414
L5,P005531,415
L5,P003618,416
L5,P002439,417
L5,P001425,418
L5,P004460,419
L5,P002083,420
L5,P003486,421
L5,P002658,422
L5,P001314,423
L5,P002626,424
L5,P000311,425
L5,P001443,426
L5,P006778,427
L5,P003485,428
L5,P004128,429
L5,P006120,430
L5,P003514,431
L5,P005903,432
L5,P000933,433
L5,P001336,434
L5,P002820,435
L5,P005374,436
L5,P004411,437
L5,P005102,438
L5,P003290,439
L5,P000154,440
L5,P005728,441
L5,P000896,442
L5,P006161,443
L5,P000282,444
L5,P004823,445
L5,P002975,446
L5,P005935,447
L5,P006891,448
L5,P000290,449
L5,P000470,450
L5,P001253,451
L5,P006261,452
L5,P005710,453
L5,P005464,454
L5,P003645,455
L5,P000052,456
L5,P005493,457
L5,P001132,458
L5,P006351,459
L5,P002716,460
L5,P003169,461
L5,P000939,462
L5,P000584,463
L5,P006404,464
L5,P001361,465
L5,P001803,466
L5,P005933,467
L5,P001213,468
L5,P000882,469
L5,P005082,470
L5,P003241,471
L5,P000793,472
L5,P006077,473
L5,P001144,474
L5,P003227,475
L5,P000116,476
L5,P001397,477
L5,P004892,478
L5,P003787,479
L5,P003496,480
L5,P002578,481
L5,P006959,482
L5,P004296,483
L5,P001114,484
L5,P003406,485
L5,P000805,486
L5,P000860,487
L5,P006158,488
L5,P006354,489
L5,P002634,490
L5,P006674,491
L5,P001523,492
L5,P003389,493
L5,P003497,494
L5,P002663,495
L5,P001710,496
L5,P006901,497
L5,P006726,498
L5,P004289,499
L5,P000117,500
L5,P002106,501
L5,P004341,502
L5,P001937,503
L5,P004371,504
L5,P000554,505
L5,P002479,506
L5,P001531,507
L5,P001003,508
L5,P004481,509
L5,P006029,510
L5,P003133,511
L5,P005440,512
L5,P000660,513
L5,P002875,514
L5,P003000,515
L5,P003096,516
L5,P004348,517
L5,P006749,518
L5,P004139,519
L5,P005984,520
L5,P005557,521
L5,P004382,522
L5,P000157,523
L5,P006547,524
L5,P006065,525
L5,P003108,526
L5,P006269,527
L5,P002739,528
L5,P006320,529
L5,P001097,530
L5,P006694,531
L5,P006297,532
L5,P002251,533
L5,P003327,534
L5,P001687,535
L5,P001721,536
L5,P000769,537
L5,P006835,538
L5,P006581,539
L5,P003173,540
L5,P004580,541
L5,P002436,542
L5,P000638,543
L5,P004613,544
L5,P006217,545
L5,P000473,546
L5,P004578,547
L5,P005517,548
L5,P001675,549
L5,P002382,550
L5,P005344,551
L5,P002488,552
L5,P004135,553
L5,P002514,554
L5,P006948,555
L5,P002123,556
L5,P005602,557
L5,P001076,558
L5,P000701,559
L5,P004996,560
L5,P002088,561
L5,P004724,562
L5,P000646,563
L5,P006568,564
L5,P002017,565
L5,P002028,566
L5,P004702,567
L5,P005528,568
L5,P005293,569
L5,P000528,570
L5,P006861,571
L5,P006140,572
L5,P002758,573
L5,P000024,574
L5,P001998,575
L5,P006427,576
L5,P003556,577
L5,P002562,578
L5,P001881,579
L5,P001848,580
L5,P002904,581
L5,P004682,582
L5,P004890,583
L5,P002288,584
L5,P002937,585
L5,P005281,586
L5,P001285,587
L5,P003079,588
L5,P006994,589
L5,P004185,590
L5,P006022,591
L5,P001276,592
L5,P005587,593
L5,P004836,594
L5,P005347,595
L5,P005962,596
L5,P006501,597
L5,P006348,598
L5,P000837,599
L5,P004796,600
L5,P003278,601
L5,P001423,602
L5,P000844,603
L5,P001616,604
L5,P006780,605
L5,P005661,606
L5,P001441,607
L5,P002879,608
L5,P004669,609
L5,P001762,610
L5,P006231,611
L5,P005196,612
L5,P002776,613
L5,P004432,614
L5,P003103,615
L5,P006719,616
L5,P005965,617
L5,P000374,618
L5,P003396,619
L5,P005680,620
L5,P005787,621
L5,P004813,622
L5,P006379,623
L5,P003501,624
L5,P001026,625
L5,P002767,626
L5,P001320,627
L5,P005266,628
L5,P004132,629
L5,P004050,630
L5,P002163,631
L5,P001993,632
L5,P003043,633
L5,P004115,634
L5,P002572,635
L5,P000445,636
L5,P005755,637
L5,P001815,638
L5,P004162,639
L5,P005923,640
L5,P004982,641
L5,P006762,642
L5,P003544,643
L5,P005640,644
L5,P002298,645
L5,P001976,646
L5,P002214,647
L5,P001226,648
L5,P002483,649
L5,P006854,650
L5,P001935,651
L5,P002472,652
L5,P000588,653
L5,P004677,654
L5,P000427,655
L5,P003670,656
L5,P005062,657
L5,P005169,658
L5,P000401,659
L5,P004036,660
L5,P002817,661
L5,P003036,662
L5,P005220,663
L5,P004217,664
L5,P006690,665
L5,P001933,666
L5,P002996,667
L5,P005925,668
L5,P004975,669
L5,P003605,670
L5,P002057,671
L5,P001268,672
L5,P005795,673
L5,P001328,674
L5,P001690,675
L5,P006175,676
L5,P005187,677
L5,P002566,678
L5,P000220,679
L5,P005830,680
L5,P004829,681
L5,P003952,682
L5,P005406,683
L5,P005639,684
L5,P000244,685
L5,P001203,686
L5,P001304,687
L5,P001939,688
L5,P001215,689
L5,P001112,690
L5,P001540,691
L5,P005147,692
L5,P001843,693
L5,P002771,694
L5,P004163,695
L5,P006317,696
L5,P006916,697
L5,P006508,698
L5,P006472,699
L5,P005027,700
L6,P006463,1
L6,P000900,2
L6,P001898,3
L6,P002570,4
L6,P006117,5
L6,P006934,6
L6,P001178,7
L6,P001220,8
L6,P002078,9
L6,P001435,10
L6,P003992,11
L6,P005983,12
L6,P005395,13
L6,P004238,14
L6,P006500,15
L6,P000857,16
L6,P004392,17
L6,P001983,18
L6,P003988,19
L6,P004980,20
L6,P003401,21
L6,P001183,22
L6,P001254,23
L6,P000961,24
L6,P001011,25
L6,P005774,26
L6,P000864,27
L6,P003761,28
L6,P004351,29
L6,P001195,30
L6,P006746,31
L6,P002784,32
L6,P000141,33
L6,P000457,34
L6,P001472,35
L6,P006860,36
L6,P006644,37
L6,P001473,38
L6,P006531,39
L6,P003369,40
L6,P002723,41
L6,P001460,42
L6,P000498,43
L6,P005427,44
L6,P004368,45
L6,P004287,46
L6,P000298,47
L6,P002487,48
L6,P001636,49
L6,P002229,50
L6,P001864,51
L6,P002047,52
L6,P003971,53
L6,P000410,54
L6,P001366,55
L6,P004110,56
L6,P000536,57
L6,P004091,58
L6,P002312,59
L6,P000669,60
L6,P006900,61
L6,P005091,62
L6,P000890,63
L6,P000279,64
L6,P003653,65
L6,P005601,66
L6,P006495,67
L6,P000241,68
L6,P005786,69
L6,P006440,70
L6,P000312,71
L6,P000893,72
L6,P001265,73
L6,P004156,74
L6,P006146,75
L6,P003246,76
L6,P001250,77
L6,P003296,78
L6,P002498,79
L6,P000421,80
L6,P000726,81
L6,P004916,82
L6,P001334,83
L6,P006375,84
L6,P001778,85
L6,P000643,86
L6,P002395,87
L6,P002766,88
L6,P001243,89
L6,P005725,90
L6,P006911,91
L6,P001597,92
L6,P002313,93
L6,P001561,94
L6,P001131,95
L6,P001776,96
L6,P000744,97
L6,P004112,98
L6,P000953,99
L6,P002209,100
L6,P006296,101
L6,P005468,102
L6,P002528,103
L6,P003494,104
L6,P000848,105
L6,P003507,106
L6,P001319,107
L6,P002926,108
L6,P001707,109
L6,P006050,110
L6,P006653,111
L6,P000982,112
L6,P001671,113
L6,P005739,114
L6,P004474,115
L6,P006741,116
L6,P000328,117
L6,P004344,118
L6,P004729,119
L6,P006607,120
L6,P002741,121
L6,P003508,122
L6,P001975,123
L6,P005797,124
L6,P006247,125
L6,P002069,126
L6,P000101,127
L6,P002007,128
L6,P003717,129
L6,P000358,130
L6,P000907,131
L6,P006961,132
L6,P002684,133
L6,P004940,134
L6,P002476,135
L6,P004954,136
L6,P004577,137
L6,P001907,138
L6,P003071,139
L6,P006868,140
L6,P000891,141
L6,P002101,142
L6,P005104,143
L6,P000435,144
L6,P005620,145
L6,P005394,146
L6,P003831,147
L6,P003946,148
L6,P000600,149
L6,P003974,150
L6,P005999,151
L6,P002052,152
L6,P000553,153
L6,P006981,154
L6,P006227,155
L6,P005871,156
L6,P001717,157
L6,P003683,158
L6,P002635,159
L6,P000832,160
L6,P006490,161
L6,P002147,162
L6,P004984,163
L6,P004224,164
L6,P003659,165
L6,P006154,166
L6,P003864,167
L6,P002827,168
L6,P003319,169
L6,P002576,170
L6,P005327,171
L6,P003828,172
L6,P003291,173
L6,P001663,174
L6,P004276,175
L6,P006383,176
L6,P002762,177
L6,P005392,178
L6,P001000,179
L6,P001449,180
L6,P003384,181
L6,P004926,182
L6,P000535,183
L6,P006187,184
L6,P002694,185
L6,P005310,186
L6,P003692,187
L6,P005379,188
L6,P006757,189
L6,P006478,190
L6,P000307,191
L6,P002933,192
L6,P001290,193
L6,P003911,194
L6,P005779,195
L6,P000785,196
L6,P005629,197
L6,P001016,198
L6,P003574,199
L6,P004717,200
L6,P006809,201
L6,P002709,202
L6,P000129,203
L6,P006808,204
L6,P005412,205
L6,P004712,206
L6,P000138,207
L6,P002979,208
L6,P004439,209
L6,P000892,210
L6,P004353,211
L6,P000191,212
L6,P004419,213
L6,P003495,214
L6,P005675,215
L6,P001839,216
L6,P004913,217
L6,P006098,218
L6,P004630,219
L6,P002154,220
L6,P001801,221
L6,P002423,222
L6,P002138,223
L6,P004973,224
L6,P000266,225
L6,P004387,226
L6,P001731,227
L6,P003336,228
L6,P002807,229
L6,P003234,230
L6,P006696,231
L6,P001618,232
L6,P003649,233
L6,P006558,234
L6,P000682,235
L6,P003377,236
L6,P006424,237
L6,P001094,238
L6,P001625,239
L6,P000798,240
L6,P001921,241
L6,P001075,242
L6,P002608,243
L6,P004145,244
L6,P005024,245
L6,P000869,246
L6,P004379,247
L6,P002132,248
L6,P003489,249
L6,P002981,250
L6,P002167,251
L6,P005466,252
L6,P004865,253
L6,P005359,254
L6,P002803,255
L6,P001186,256
L6,P002527,257
L6,P002623,258
L6,P003608,259
L6,P000130,260
L6,P001532,261
L6,P005928,262
L6,P002773,263
L6,P002851,264
L6,P005773,265
L6,P002522,266
L6,P004003,267
L6,P003107,268
L6,P000814,269
L6,P002388,270
L6,P003967,271
L6,P001582,272
L6,P001967,273
L6,P001954,274
L6,P005809,275
L6,P005351,276
L6,P004307,277
L6,P002039,278
L6,P002068,279
L6,P006326,280
L6,P002962,281
L6,P003293,282
L6,P002606,283
L6,P006066,284
L6,P005537,285
L6,P005018,286
L6,P002809,287
L6,P002953,288
L6,P003587,289
L6,P002142,290
L6,P005348,291
L6,P005788,292
L6,P000940,293
L6,P000921,294
L6,P006212,295
L6,P005006,296
L6,P003191,297
L6,P006983,298
L6,P004640,299
L6,P006236,300
L6,P002415,301
L6,P006064,302
L6,P003754,303
L6,P006747,304
L6,P002721,305
L6,P001037,306
L6,P002954,307
L6,P003055,308
L6,P002166,309
L6,P001562,310
L6,P006684,311
L6,P002157,312
L6,P004446,313
L6,P003564,314
L6,P005575,315
L6,P000278,316
L6,P005302,317
L6,P001904,318
L6,P004048,319
L6,P006260,320
L6,P000383,321
L6,P004671,322
L6,P006964,323
L6,P006758,324
L6,P000599,325
L6,P003129,326
L6,P006346,327
L6,P003926,328
L6,P000696,329
L6,P005429,330
L6,P004122,331
L6,P000139,332
L6,P001629,333
L6,P000416,334
L6,P001908,335
L6,P005657,336
L6,P005438,337
L6,P003205,338
L6,P000966,339
L6,P005645,340
L6,P000148,341
L6,P005459,342
L6,P004247,343
L6,P001614,344
L6,P006257,345
L6,P004361,346
L6,P000406,347
L6,P004426,348
L6,P005599,349
L6,P006541,350
L6,P004164,351
L6,P002505,352
L6,P004423,353
L6,P005980,354
L6,P000371,355
L6,P004921,356
L6,P003746,357
L6,P002194,358
L6,P000258,359
L6,P005444,360
L6,P004491,361
L6,P001277,362
L6,P003224,363
L6,P001713,364
L6,P004309,365
L6,P000642,366
L6,P005947,367
L6,P004915,368
L6,P004861,369
L6,P001281,370
L6,P001022,371
L6,P003716,372
L6,P006625,373
L6,P002203,374
L6,P006923,375
L6,P001918,376
L6,P000970,377
L6,P001210,378
L6,P000483,379
L6,P005912,380
L6,P006574,381
L6,P004798,382
L6,P001840,383
L6,P004318,384
L6,P004194,385
L6,P006686,386
L6,P003312,387
L6,P002679,388
L6,P000243,389
L6,P003321,390
L6,P005693,391
L6,P006932,392
L6,P005656,393
L6,P001982,394
L6,P001050,395
L6,P003550,396
L6,P000934,397
L6,P003069,398
L6,P006349,399
L6,P006722,400
L6,P001055,401
L6,P001585,402
L6,P003283,403
L6,P003918,404
L6,P001263,405
L6,P001101,406
L6,P003665,407
L6,P006585,408
L6,P006453,409
L6,P005312,410
L6,P003530,411
L6,P005161,412
L6,P002409,413
L6,P003212,414
L6,P003602,415
L6,P001228,416
L6,P002424,417
L6,P000792,418
L6,P000492,419
L6,P006438,420
L6,P003760,421
L6,P002421,422
L6,P004642,423
L6,P002980,424
L6,P003890,425
L6,P000552,426
L6,P002077,427
L6,P005480,428
L6,P004270,429
L6,P000242,430
L6,P001905,431
L6,P002315,432
L6,P005546,433
L6,P005185,434
L6,P000929,435
L6,P005942,436
L6,P002032,437
L6,P006711,438
L6,P002189,439
L6,P005536,440
L6,P001915,441
L6,P001632,442
L6,P000249,443
L6,P003706,444
L6,P004504,445
L6,P005499,446
L6,P000874,447
L6,P001595,448
L6,P006076,449
L6,P005765,450
L6,P003698,451
L6,P000734,452
L6,P000147,453
L6,P001313,454
L6,P000724,455
L6,P003737,456
L6,P001395,457
L6,P000936,458
L6,P003131,459
L6,P003370,460
L6,P001096,461
L6,P000082,462
L6,P005047,463
L6,P005172,464
L6,P001670,465
L6,P004018,466
L6,P006871,467
L6,P005750,468
L6,P004740,469
L6,P005113,470
L6,P005451,471
L6,P003596,472
L6,P005665,473
L6,P002478,474
L6,P000574,475
L6,P001513,476
L6,P001087,477
L6,P002774,478
L6,P004235,479
L6,P002951,480
L6,P006492,481
L6,P006070,482
L6,P004713,483
L6,P005594,484
L6,P005460,485
L6,P001527,486
L6,P001289,487
L6,P006839,488
L6,P001677,489
L6,P000884,490
L6,P000023,491
L6,P005920,492
L6,P000800,493
L6,P002639,494
L6,P001227,495
L6,P000022,496
L6,P000212,497
L6,P005522,498
L6,P005520,499
L6,P003844,500
L6,P005067,501
L6,P005430,502
L6,P000702,503
L6,P001325,504
L6,P006253,505
L6,P005148,506
L6,P006429,507
L6,P001680,508
L6,P000379,509
L6,P001583,510
L6,P006655,511
L6,P005603,512
L6,P002037,513
L6,P006256,514
L6,P002802,515
L6,P004750,516
L6,P005649,517
L6,P000352,518
L6,P003880,519
L6,P005509,520
L6,P002602,521
L6,P000432,522
L6,P002338,523
L6,P000920,524
L6,P006851,525
L6,P004409,526
L6,P004414,527
L6,P003220,528
L6,P001569,529
L6,P001326,530
L6,P001996,531
L6,P002529,532
L6,P003757,533
L6,P000512,534
L6,P002826,535
L6,P000085,536
L6,P005986,537
L6,P006386,538
L6,P004581,539
L6,P001297,540
L6,P005542,541
L6,P004267,542
L6,P000083,543
L6,P004288,544
L6,P005116,545
L6,P003351,546
L6,P003437,547
L6,P006488,548
L6,P006619,549
L6,P000431,550
L6,P002641,551
L6,P005479,552
L6,P005042,553
L6,P003383,554
L6,P005831,555
L6,P003644,556
L6,P002335,557
L6,P004828,558
L6,P001662,559
L6,P003912,560
L6,P005760,561
L6,P004383,562
L6,P000229,563
L6,P005323,564
L6,P002649,565
L6,P000316,566
L6,P003529,567
L6,P003742,568
L6,P004506,569
L6,P000206,570
L6,P004551,571
L6,P005322,572
L6,P001969,573
L6,P001322,574
L6,P004226,575
L6,P000469,576
L6,P004378,577
L6,P006486,578
L6,P001303,579
L6,P005340,580
L6,P003600,581
L6,P005101,582
L6,P001761,583
L6,P002612,584
L6,P003021,585
L6,P002499,586
L6,P004389,587
L6,P000694,588
L6,P001391,589
L6,P004111,590
L6,P005186,591
L6,P006693,592
L6,P001897,593
L6,P003136,594
L6,P004401,595
L6,P006008,596
L6,P001653,597
L6,P001375,598
L6,P002255,599
L6,P003358,600
L6,P000747,601
L6,P001518,602
L6,P002531,603
L6,P003335,604
L6,P001645,605
L6,P000304,606
L6,P003748,607
L6,P001089,608
L6,P004556,609
L6,P003983,610
L6,P000043,611
L6,P001940,612
L6,P006480,613
L6,P002625,614
L6,P006654,615
L6,P002989,616
L6,P003547,617
L6,P002794,618
L6,P005219,619
L6,P003629,620
L6,P000010,621
L6,P002609,622
L6,P002235,623
L6,P002877,624
L6,P002997,625
L6,P003537,626
L6,P001577,627
L6,P002108,628
L6,P004051,629
L6,P001360,630
L6,P006078,631
L6,P004400,632
L6,P001041,633
L6,P000133,634
L6,P000514,635
L6,P000025,636
L6,P005489,637
L6,P006993,638
L6,P000045,639
L6,P002082,640
L6,P004324,641
L6,P006229,642
L6,P002081,643
L6,P001072,644
L6,P004930,645
L6,P005741,646
L6,P005224,647
L6,P000378,648
L6,P004910,649
L6,P000021,650
L6,P000103,651
L6,P001899,652
L6,P006611,653
L6,P000613,654
L6,P002164,655
L6,P004369,656
L6,P001852,657
L6,P001766,658
L6,P004928,659
L6,P004402,660
L6,P004667,661
L6,P002632,662
L6,P006411,663
L6,P005296,664
L6,P002857,665
L6,P005900,666
L6,P003049,667
L6,P004539,668
L6,P003929,669
L6,P004478,670
L6,P001262,671
L6,P004105,672
L6,P002775,673
L6,P006378,674
L6,P002849,675
L6,P002332,676
L6,P002621,677
L6,P001113,678
L6,P005318,679
L6,P002159,680
L6,P002978,681
L6,P006292,682
L6,P006846,683
L6,P006842,684
L6,P001972,685
L6,P003858,686
L6,P003766,687
L6,P000661,688
L6,P005886,689
L6,P001389,690
L6,P005590,691
L6,P006201,692
L6,P000901,693
L6,P001332,694
L6,P003523,695
L6,P000964,696
L6,P001057,697
L6,P006283,698
L6,P002698,699
L6,P006003,700
L7,P000927,1
L7,P003777,2
L7,P003619,3
L7,P003002,4
L7,P005307,5
L7,P002763,6
L7,P006259,7
L7,P003546,8
L7,P004282,9
L7,P005139,10
L7,P005294,11
L7,P003090,12
L7,P000156,13
L7,P001247,14
L7,P005433,15
L7,P004976,16
L7,P006532,17
L7,P003565,18
L7,P001005,19
L7,P003894,20
L7,P000593,21
L7,P006341,22
L7,P000081,23
L7,P001516,24
L7,P001088,25
L7,P003390,26
L7,P006679,27
L7,P006557,28
L7,P004833,29
L7,P002832,30
L7,P001542,31
L7,P004304,32
L7,P001568,33
L7,P003442,34
L7,P000237,35
L7,P003743,36
L7,P000284,37
L7,P001200,38
L7,P005234,39
L7,P006027,40
L7,P002003,41
L7,P002411,42
L7,P003900,43
L7,P005490,44
L7,P005679,45
L7,P006382,46
L7,P006906,47
L7,P005194,48
L7,P004295,49
L7,P003732,50
L7,P002367,51
L7,P003427,52
L7,P006968,53
L7,P001403,54
L7,P006389,55
L7,P002569,56
L7,P001295,57
L7,P003598,58
L7,P003375,59
L7,P006331,60
L7,P004172,61
L7,P001783,62
L7,P001337,63
L7,P001787,64
L7,P000879,65
L7,P005632,66
L7,P005692,67
L7,P001770,68
L7,P006979,69
L7,P002197,70
L7,P006756,71
L7,P005095,72
L7,P006640,73
L7,P003560,74
L7,P000693,75
L7,P003247,76
L7,P005775,77
L7,P005154,78
L7,P000689,79
L7,P005008,80
L7,P005644,81
L7,P003859,82
L7,P004564,83
L7,P001440,84
L7,P003145,85
L7,P002216,86
L7,P000452,87
L7,P004843,88
L7,P005398,89
L7,P005527,90
L7,P002453,91
L7,P005445,92
L7,P001927,93
L7,P005053,94
L7,P005550,95
L7,P002187,96
L7,P001913,97
L7,P005651,98
L7,P002834,99
L7,P001560,100
L7,P001574,101
L7,P004549,102
L7,P003804,103
L7,P004998,104
L7,P006789,105
L7,P005432,106
L7,P006832,107
L7,P000495,108
L7,P003571,109
L7,P001147,110
L7,P000707,111
L7,P000662,112
L7,P002426,113
L7,P003349,114
L7,P002129,115
L7,P001750,116
L7,P006002,117
L7,P001695,118
L7,P006268,119
L7,P006610,120
L7,P003477,121
L7,P000055,122
L7,P000620,123
L7,P000915,124
L7,P003775,125
L7,P006031,126
L7,P000268,127
L7,P006456,128
L7,P004704,129
L7,P001230,130
L7,P001874,131
L7,P001648,132
L7,P006288,133
L7,P005976,134
L7,P005316,135
L7,P001171,136
L7,P001288,137
L7,P001701,138
L7,P005182,139
L7,P000730,140
L7,P006960,141
L7,P001813,142
L7,P004891,143
L7,P004210,144
L7,P002459,145
L7,P005272,146
L7,P001603,147
L7,P000424,148
L7,P000404,149
L7,P001307,150
L7,P006947,151
L7,P003051,152
L7,P000134,153
L7,P000614,154
L7,P001120,155
L7,P005114,156
L7,P002526,157
L7,P006978,158
L7,P004760,159
L7,P001166,160
L7,P003440,161
L7,P001820,162
L7,P005002,163
L7,P006350,164
L7,P002645,165
L7,P002210,166
L7,P004079,167
L7,P000433,168
L7,P005097,169
L7,P001525,170
L7,P001672,171
L7,P002094,172
L7,P000218,173
L7,P001758,174
L7,P002270,175
L7,P004803,176
L7,P001493,177
L7,P005158,178
L7,P000774,179
L7,P002199,180
L7,P005921,181
L7,P004004,182
L7,P002256,183
L7,P002501,184
L7,P001688,185
L7,P005549,186
L7,P001221,187
L7,P005560,188
L7,P006251,189
L7,P001156,190
L7,P005426,191
L7,P004548,192
L7,P001867,193
L7,P001563,194
L7,P003584,195
L7,P002051,196
L7,P003046,197
L7,P003374,198
L7,P003148,199
L7,P004207,200
L7,P001849,201
L7,P001627,202
L7,P002226,203
L7,P003235,204
L7,P004965,205
L7,P001044,206
L7,P001035,207
L7,P002113,208
L7,P002378,209
L7,P004187,210
L7,P006834,211
L7,P002672,212
L7,P000499,213
L7,P002638,214
L7,P002328,215
L7,P006887,216
L7,P005683,217
L7,P001489,218
L7,P004526,219
L7,P004751,220
L7,P005762,221
L7,P000343,222
L7,P002205,223
L7,P004639,224
L7,P003823,225
L7,P006265,226
L7,P005326,227
L7,P000497,228
L7,P001694,229
L7,P006194,230
L7,P002222,231
L7,P004178,232
L7,P001134,233
L7,P004604,234
L7,P003457,235
L7,P005413,236
L7,P006452,237
L7,P000984,238
L7,P005168,239
L7,P006862,240
L7,P004561,241
L7,P003372,242
L7,P003010,243
L7,P006985,244
L7,P003242,245
L7,P001159,246
L7,P001620,247
L7,P001439,248
L7,P005033,249
L7,P005409,250
L7,P002718,251
L7,P002640,252
L7,P002035,253
L7,P005498,254
L7,P006618,255
L7,P000487,256
L7,P003189,257
L7,P001773,258
L7,P004923,259
L7,P006527,260
L7,P005109,261
L7,P005494,262
L7,P003734,263
L7,P002029,264
L7,P005932,265
L7,P004849,266
L7,P004406,267
L7,P002874,268
L7,P006779,269
L7,P004697,270
L7,P006004,271
L7,P003357,272
L7,P005994,273
L7,P004787,274
L7,P006791,275
L7,P001986,276
L7,P001974,277
L7,P002178,278
L7,P003149,279
L7,P002699,280
L7,P002695,281
L7,P005069,282
L7,P006692,283
L7,P000556,284
L7,P004104,285
L7,P003724,286
L7,P004949,287
L7,P005719,288
L7,P004918,289
L7,P004807,290
L7,P000677,291
L7,P005363,292
L7,P006313,293
L7,P002582,294
L7,P005586,295
L7,P000026,296
L7,P004072,297
L7,P006599,298
L7,P000014,299
L7,P005600,300
L7,P006445,301
L7,P002311,302
L7,P005977,303
L7,P004907,304
L7,P001467,305
L7,P002242,306
L7,P006734,307
L7,P000314,308
L7,P006530,309
L7,P005483,310
L7,P003292,311
L7,P003353,312
L7,P003616,313
L7,P001024,314
L7,P000530,315
L7,P004393,316
L7,P000618,317
L7,P002497,318
L7,P000653,319
L7,P005215,320
L7,P001995,321
L7,P002046,322
L7,P005352,323
L7,P003549,324
L7,P001350,325
L7,P001298,326
L7,P006755,327
L7,P001615,328
L7,P003091,329
L7,P001341,330
L7,P000400,331
L7,P000011,332
L7,P000072,333
L7,P001102,334
L7,P000686,335
L7,P006327,336
L7,P006335,337
L7,P004772,338
L7,P003728,339
L7,P000097,340
L7,P006223,341
L7,P003576,342
L7,P006295,343
L7,P002665,344
L7,P001384,345
L7,P003018,346
L7,P000057,347
L7,P001019,348
L7,P005349,349
L7,P002710,350
L7,P003729,351
L7,P001830,352
L7,P001875,353
L7,P000417,354
L7,P000918,355
L7,P004585,356
L7,P006733,357
L7,P005890,358
L7,P003877,359
L7,P003735,360
L7,P006769,361
L7,P006575,362
L7,P001365,363
L7,P000438,364
L7,P005756,365
L7,P000322,366
L7,P001067,367
L7,P006771,368
L7,P002281,369
L7,P003478,370
L7,P002267,371
L7,P001465,372
L7,P001888,373
L7,P000700,374
L7,P006281,375
L7,P002182,376
L7,P006732,377
L7,P006695,378
L7,P006760,379
L7,P006616,380
L7,P002786,381
L7,P001637,382
L7,P001157,383
L7,P000858,384
L7,P006759,385
L7,P005914,386
L7,P004483,387
L7,P006792,388
L7,P004053,389
L7,P006133,390
L7,P000372,391
L7,P006135,392
L7,P003007,393
L7,P004064,394
L7,P005951,395
L7,P000859,396
L7,P005734,397
L7,P004766,398
L7,P004495,399
L7,P002949,400
L7,P001941,401
L7,P006148,402
L7,P004349,403
L7,P000376,404
L7,P000698,405
L7,P000714,406
L7,P003686,407
L7,P006318,408
L7,P004597,409
L7,P005711,410
L7,P000016,411
L7,P005514,412
L7,P002115,413
L7,P002316,414
L7,P002285,415
L7,P001128,416
L7,P004844,417
L7,P002072,418
L7,P000140,419
L7,P003625,420
L7,P006800,421
L7,P005904,422
L7,P000164,423
L7,P000764,424
L7,P001655,425
L7,P003248,426
L7,P004619,427
L7,P000277,428
L7,P005472,429
L7,P006240,430
L7,P002864,431
L7,P003919,432
L7,P005265,433
L7,P003536,434
L7,P004475,435
L7,P006163,436
L7,P002740,437
L7,P000765,438
L7,P000704,439
L7,P004499,440
L7,P001034,441
L7,P006189,442
L7,P000527,443
L7,P003540,444
L7,P006125,445
L7,P003987,446
L7,P001184,447
L7,P005353,448
L7,P000216,449
L7,P002248,450
L7,P001786,451
L7,P002940,452
L7,P003851,453
L7,P002091,454
L7,P003678,455
L7,P003415,456
L7,P001408,457
L7,P004877,458
L7,P003634,459
L7,P001020,460
L7,P005140,461
L7,P006826,462
L7,P003195,463
L7,P001553,464
L7,P000628,465
L7,P000721,466
L7,P000523,467
L7,P000780,468
L7,P003958,469
L7,P001241,470
L7,P001504,471
L7,P005177,472
L7,P006081,473
L7,P004701,474
L7,P002339,475
L7,P005017,476
L7,P006984,477
L7,P005303,478
L7,P003465,479
L7,P005321,480
L7,P001185,481
L7,P000877,482
L7,P005548,483
L7,P006810,484
L7,P006015,485
L7,P000563,486
L7,P001885,487
L7,P006689,488
L7,P006176,489
L7,P000828,490
L7,P001413,491
L7,P003668,492
L7,P006239,493
L7,P006936,494
L7,P002477,495
L7,P005721,496
L7,P005663,497
L7,P005659,498
L7,P002930,499
L7,P002667,500
L7,P003001,501
L7,P001575,502
L7,P002215,503
L7,P005702,504
L7,P002983,505
L7,P002888,506
L7,P002207,507
L7,P003699,508
L7,P004530,509
L7,P002227,510
L7,P004144,511
L7,P000422,512
L7,P003366,513
L7,P002153,514
L7,P004381,515
L7,P000770,516
L7,P001118,517
L7,P006235,518
L7,P003994,519
L7,P003861,520
L7,P003697,521
L7,P005044,522
L7,P006059,523
L7,P001819,524
L7,P003265,525
L7,P000718,526
L7,P005624,527
L7,P000538,528
L7,P003251,529
L7,P006446,530
L7,P002380,531
L7,P001740,532
L7,P002654,533
L7,P004645,534
L7,P004416,535
L7,P003824,536
L7,P003555,537
L7,P003906,538
L7,P003201,539
L7,P006024,540
L7,P003978,541
L7,P000068,542
L7,P003161,543
L7,P004199,544
L7,P003559,545
L7,P002585,546
L7,P001733,547
L7,P002750,548
L7,P001291,549
L7,P005535,550
L7,P002676,551
L7,P002304,552
L7,P004121,553
L7,P001229,554
L7,P002905,555
L7,P003013,556
L7,P000729,557
L7,P004380,558
L7,P006395,559
L7,P004599,560
L7,P004889,561
L7,P002990,562
L7,P000202,563
L7,P003287,564
L7,P005313,565
L7,P004153,566
L7,P003656,567
L7,P004315,568
L7,P001633,569
L7,P004924,570
L7,P002720,571
L7,P003154,572
L7,P005439,573
L7,P005009,574
L7,P006596,575
L7,P001458,576
L7,P004074,577
L7,P001754,578
L7,P002534,579
L7,P005617,580
L7,P004493,581
L7,P004615,582
L7,P000087,583
L7,P000841,584
L7,P005945,585
L7,P004161,586
L7,P002278,587
L7,P006130,588
L7,P002043,589
L7,P006591,590
L7,P003525,591
L7,P004127,592
L7,P002815,593
L7,P000111,594
L7,P000681,595
L7,P005949,596
L7,P005872,597
L7,P005190,598
L7,P005391,599
L7,P006469,600
L7,P000203,601
L7,P000402,602
L7,P006193,603
L7,P004330,604
L7,P006582,605
L7,P002461,606
L7,P004155,607
L7,P004933,608
L7,P006233,609
L7,P001866,610
L7,P005453,611
L7,P004388,612
L7,P002955,613
L7,P001844,614
L7,P004799,615
L7,P004546,616
L7,P004765,617
L7,P000190,618
L7,P005405,619
L7,P005301,620
L7,P004941,621
L7,P003249,622
L7,P000334,623
L7,P000932,624
L7,P003230,625
L7,P001805,626
L7,P004141,627
L7,P001790,628
L7,P001686,629
L7,P001267,630
L7,P000590,631
L7,P002493,632
L7,P002377,633
L7,P000465,634
L7,P003088,635
L7,P005674,636
L7,P004347,637
L7,P001309,638
L7,P004321,639
L7,P005990,640
L7,P000883,641
L7,P003863,642
L7,P004837,643
L7,P002500,644
L7,P004850,645
L7,P005623,646
L7,P004957,647
L7,P000135,648
L7,P005028,649
L7,P002502,650
L7,P002627,651
L7,P004468,652
L7,P004001,653
L7,P005666,654
L7,P004911,655
L7,P002451,656
L7,P006385,657
L7,P001092,658
L7,P003883,659
L7,P002941,660
L7,P004568,661
L7,P001177,662
L7,P002346,663
L7,P004909,664
L7,P001235,665
L7,P005919,666
L7,P005805,667
L7,P005776,668
L7,P000957,669
L7,P000143,670
L7,P000228,671
L7,P003062,672
L7,P005311,673
L7,P003611,674
L7,P005048,675
L7,P004253,676
L7,P004007,677
L7,P002359,678
L7,P004292,679
L7,P006294,680
L7,P001197,681
L7,P003309,682
L7,P006966,683
L7,P001833,684
L7,P005428,685
L7,P001269,686
L7,P003451,687
L7,P003985,688
L7,P002433,689
L7,P001587,690
L7,P001746,691
L7,P006967,692
L7,P004591,693
L7,P000664,694
L7,P004904,695
L7,P000193,696
L7,P006552,697
L7,P005696,698
L7,P006657,699
L7,P005232,700
L8,P005958,1
L8,P005573,2
L8,P001172,3
L8,P001543,4
L8,P003155,5
L8,P000547,6
L8,P002062,7
L8,P000187,8
L8,P004944,9
L8,P000286,10
L8,P004527,11
L8,P005254,12
L8,P004208,13
L8,P004375,14
L8,P002200,15
L8,P002903,16
L8,P005671,17
L8,P000731,18
L8,P004167,19
L8,P001757,20
L8,P003075,21
L8,P002596,22
L8,P005770,23
L8,P006556,24
L8,P000031,25
L8,P001060,26
L8,P001110,27
L8,P006479,28
L8,P003595,29
L8,P005212,30
L8,P004960,31
L8,P006666,32
L8,P002613,33
L8,P003140,34
L8,P001173,35
L8,P006431,36
L8,P000587,37
L8,P005032,38
L8,P003029,39
L8,P006333,40
L8,P004710,41
L8,P001065,42
L8,P006035,43
L8,P005821,44
L8,P003298,45
L8,P003845,46
L8,P002873,47
L8,P003472,48
L8,P000128,49
L8,P000255,50
L8,P003109,51
L8,P003233,52
L8,P003673,53
L8,P003989,54
L8,P003637,55
L8,P002326,56
L8,P006309,57
L8,P005731,58
L8,P004095,59
L8,P002302,60
L8,P004363,61
L8,P002310,62
L8,P002179,63
L8,P002925,64
L8,P005917,65
L8,P000346,66
L8,P003185,67
L8,P000061,68
L8,P004340,69
L8,P003936,70
L8,P000863,71
L8,P003368,72
L8,P002942,73
L8,P002041,74
L8,P001154,75
L8,P002916,76
L8,P001483,77
L8,P003030,78
L8,P001136,79
L8,P002749,80
L8,P005819,81
L8,P004087,82
L8,P001936,83
L8,P006165,84
L8,P004129,85
L8,P003511,86
L8,P005078,87
L8,P003572,88
L8,P003866,89
L8,P004656,90
L8,P002022,91
L8,P005621,92
L8,P004062,93
L8,P006358,94
L8,P000755,95
L8,P003688,96
L8,P000450,97
L8,P000847,98
L8,P006315,99
L8,P006312,100
L8,P006876,101
L8,P005368,102
L8,P001048,103
L8,P001330,104
L8,P004427,105
L8,P002961,106
L8,P004108,107
L8,P000295,108
L8,P005753,109
L8,P004450,110
L8,P003960,111
L8,P003763,112
L8,P006783,113
L8,P004272,114
L8,P000365,115
L8,P002394,116
L8,P000766,117
L8,P006963,118
L8,P003222,119
L8,P002946,120
L8,P005275,121
L8,P000403,122
L8,P000256,123
L8,P004010,124
L8,P003583,125
L8,P004239,126
L8,P000842,127
L8,P006972,128
L8,P004775,129
L8,P003727,130
L8,P002329,131
L8,P004494,132
L8,P002150,133
L8,P002038,134
L8,P000294,135
L8,P006806,136
L8,P006589,137
L8,P002492,138
L8,P002969,139
L8,P002079,140
L8,P005083,141
L8,P002063,142
L8,P005807,143
L8,P000676,144
L8,P000027,145
L8,P003023,146
L8,P002911,147
L8,P003603,148
L8,P006437,149
L8,P003056,150
L8,P001910,151
L8,P000959,152
L8,P003585,153
L8,P004438,154
L8,P005502,155
L8,P002619,156
L8,P005521,157
L8,P000917,158
L8,P005688,159
L8,P001453,160
L8,P005534,161
L8,P005457,162
L8,P006794,163
L8,P001104,164
L8,P006710,165
L8,P004789,166
L8,P005382,167
L8,P000725,168
L8,P001354,169
L8,P005268,170
L8,P006833,171
L8,P004986,172
L8,P004718,173
L8,P002393,174
L8,P000377,175
L8,P005337,176
L8,P002664,177
L8,P002805,178
L8,P005221,179
L8,P004878,180
L8,P005972,181
L8,P006071,182
L8,P001378,183
L8,P006831,184
L8,P000029,185
L8,P003638,186
L8,P005197,187
L8,P003307,188
L8,P001957,189
L8,P001837,190
L8,P004031,191
L8,P005975,192
L8,P000809,193
L8,P004554,194
L8,P006703,195
L8,P001818,196
L8,P005156,197
L8,P000096,198
L8,P006528,199
L8,P000623,200
L8,P004570,201
L8,P004133,202
L8,P006731,203
L8,P000789,204
L8,P004442,205
L8,P002577,206
L8,P000670,207
L8,P000040,208
L8,P000170,209
L8,P002093,210
L8,P002972,211
L8,P006867,212
L8,P004237,213
L8,P003593,214
L8,P005740,215
L8,P001507,216
L8,P003491,217
L8,P002418,218
L8,P003303,219
L8,P003609,220
L8,P005715,221
L8,P001771,222
L8,P004479,223
L8,P002223,224
L8,P006976,225
L8,P001642,226
L8,P005781,227
L8,P006206,228
L8,P006273,229
L8,P004070,230
L8,P004651,231
L8,P005387,232
L8,P005142,233
L8,P000331,234
L8,P003318,235
L8,P006969,236
L8,P006007,237
L8,P006138,238
L8,P004170,239
L8,P000033,240
L8,P006246,241
L8,P002700,242
L8,P001934,243
L8,P002584,244
L8,P001769,245
L8,P002653,246
L8,P005889,247
L8,P006160,248
L8,P002336,249
L8,P000429,250
L8,P000303,251
L8,P001093,252
L8,P006560,253
L8,P005973,254
L8,P003004,255
L8,P005744,256
L8,P002174,257
L8,P001165,258
L8,P006067,259
L8,P001926,260
L8,P005031,261
L8,P004756,262
L8,P005122,263
L8,P000169,264
L8,P000181,265
L8,P001873,266
L8,P005106,267
L8,P002538,268
L8,P003567,269
L8,P005273,270
L8,P005338,271
L8,P004560,272
L8,P002819,273
L8,P006502,274
L8,P006462,275
L8,P002898,276
L8,P003917,277
L8,P002691,278
L8,P004449,279
L8,P004005,280
L8,P006950,281
L8,P006805,282
L8,P003402,283
L8,P006291,284
L8,P005800,285
L8,P006115,286
L8,P006590,287
L8,P002845,288
L8,P005846,289
L8,P004332,290
L8,P002659,291
L8,P000038,292
L8,P004816,293
L8,P005687,294
L8,P006408,295
L8,P001141,296
L8,P005470,297
L8,P004447,298
L8,P006790,299
L8,P000355,300
L8,P003662,301
L8,P004485,302
L8,P005125,303
L8,P003852,304
L8,P003144,305
L8,P004146,306
L8,P002788,307
L8,P005450,308
L8,P004517,309
L8,P001457,310
L8,P005585,311
L8,P001149,312
L8,P005375,313
L8,P000361,314
L8,P002344,315
L8,P006430,316
L8,P004955,317
L8,P002489,318
L8,P005278,319
L8,P000204,320
L8,P006716,321
L8,P002838,322
L8,P005164,323
L8,P001331,324
L8,P006804,325
L8,P006884,326
L8,P001364,327
L8,P001804,328
L8,P006563,329
L8,P003867,330
L8,P004227,331
L8,P001196,332
L8,P004847,333
L8,P004790,334
L8,P006748,335
L8,P005709,336
L8,P000968,337
L8,P002098,338
L8,P001282,339
L8,P005023,340
L8,P001788,341
L8,P004948,342
L8,P000569,343
L8,P003671,344
L8,P000323,345
L8,P006736,346
L8,P000586,347
L8,P004417,348
L8,P005152,349
L8,P000104,350
L8,P005336,351
L8,P000840,352
L8,P005288,353
L8,P004480,354
L8,P002727,355
L8,P004459,356
L8,P001644,357
L8,P000799,358
L8,P003048,359
L8,P003500,360
L8,P002269,361
L8,P002292,362
L8,P003747,363
L8,P000616,364
L8,P002593,365
L8,P003178,366
L8,P003080,367
L8,P004736,368
L8,P005792,369
L8,P001138,370
L8,P001674,371
L8,P002495,372
L8,P003280,373
L8,P000624,374
L8,P001287,375
L8,P001490,376
L8,P001368,377
L8,P000880,378
L8,P000214,379
L8,P006720,380
L8,P006332,381
L8,P006314,382
L8,P002814,383
L8,P002016,384
L8,P001947,385
L8,P001886,386
L8,P000654,387
L8,P003262,388
L8,P003413,389
L8,P002266,390
L8,P004774,391
L8,P000367,392
L8,P004967,393
L8,P004301,394
L8,P003325,395
L8,P003660,396
L8,P000047,397
L8,P001444,398
L8,P003752,399
L8,P004026,400
L8,P005929,401
L8,P001785,402
L8,P000987,403
L8,P000897,404
L8,P000291,405
L8,P001646,406
L8,P005354,407
L8,P002896,408
L8,P001464,409
L8,P002630,410
L8,P000048,411
L8,P003110,412
L8,P001679,413
L8,P002729,414
L8,P001626,415
L8,P003750,416
L8,P001339,417
L8,P002844,418
L8,P005484,419
L8,P006882,420
L8,P006941,421
L8,P003137,422
L8,P000922,423
L8,P004046,424
L8,P001716,425
L8,P006571,426
L8,P004190,427
L8,P001853,428
L8,P001970,429
L8,P003881,430
L8,P004100,431
L8,P002798,432
L8,P001293,433
L8,P002373,434
L8,P001685,435
L8,P004476,436
L8,P003089,437
L8,P002668,438
L8,P001708,439
L8,P005799,440
L8,P006058,441
L8,P000317,442
L8,P005525,443
L8,P005365,444
L8,P006855,445
L8,P006097,446
L8,P002909,447
L8,P006753,448
L8,P004486,449
L8,P002061,450
L8,P003767,451
L8,P003882,452
L8,P003970,453
L8,P003217,454
L8,P002862,455
L8,P001714,456
L8,P000059,457
L8,P005529,458
L8,P005939,459
L8,P004352,460
L8,P005554,461
L8,P001893,462
L8,P006793,463
L8,P000287,464
L8,P001698,465
L8,P001960,466
L8,P004695,467
L8,P003940,468
L8,P003522,469
L8,P006388,470
L8,P004746,471
L8,P004487,472
L8,P001316,473
L8,P006898,474
L8,P001001,475
L8,P001956,476
L8,P003885,477
L8,P000275,478
L8,P001355,479
L8,P003834,480
L8,P006203,481
L8,P000564,482
L8,P006062,483
L8,P002620,484
L8,P000944,485
L8,P001703,486
L8,P003337,487
L8,P004395,488
L8,P001678,489
L8,P000118,490
L8,P003624,491
L8,P005346,492
L8,P006940,493
L8,P006553,494
L8,P002282,495
L8,P004509,496
L8,P006168,497
L8,P001486,498
L8,P002198,499
L8,P006025,500
L8,P000978,501
L8,P001821,502
L8,P002733,503
L8,P003961,504
L8,P005822,505
L8,P006477,506
L8,P004817,507
L8,P006422,508
L8,P000741,509
L8,P005857,510
L8,P002002,511
L8,P003805,512
L8,P003796,513
L8,P000272,514
L8,P006484,515
L8,P001338,516
L8,P006347,517
L8,P001123,518
L8,P000245,519
L8,P004152,520
L8,P005887,521
L8,P006605,522
L8,P005901,523
L8,P005757,524
L8,P004455,525
L8,P000165,526
L8,P004953,527
L8,P004818,528
L8,P005845,529
L8,P004660,530
L8,P004721,531
L8,P000956,532
L8,P004399,533
L8,P000484,534
L8,P001266,535
L8,P006336,536
L8,P006364,537
L8,P001352,538
L8,P001342,539
L8,P003868,540
L8,P004542,541
L8,P000195,542
L8,P003464,543
L8,P000184,544
L8,P000650,545
L8,P001014,546
L8,P003701,547
L8,P002666,548
L8,P004286,549
L8,P003635,550
L8,P003916,551
L8,P004862,552
L8,P003330,553
L8,P001115,554
L8,P002321,555
L8,P004839,556
L8,P006449,557
L8,P001737,558
L8,P000865,559
L8,P006807,560
L8,P000566,561
L8,P004020,562
L8,P005297,563
L8,P002092,564
L8,P003790,565
L8,P004820,566
L8,P004452,567
L8,P004076,568
L8,P003976,569
L8,P001324,570
L8,P002977,571
L8,P000831,572
L8,P006917,573
L8,P000131,574
L8,P001869,575
L8,P003689,576
L8,P002504,577
L8,P000903,578
L8,P005885,579
L8,P003726,580
L8,P005270,581
L8,P000426,582
L8,P000657,583
L8,P002345,584
L8,P006678,585
L8,P001512,586
L8,P006450,587
L8,P005894,588
L8,P004658,589
L8,P001950,590
L8,P005055,591
L8,P005065,592
L8,P006613,593
L8,P005087,594
L8,P005634,595
L8,P005216,596
L8,P001358,597
L8,P002322,598
L8,P006570,599
L8,P000102,600
L8,P001430,601
L8,P000937,602
L8,P006714,603
L8,P001461,604
L8,P004931,605
L8,P006254,606
L8,P002110,607
L8,P002144,608
L8,P000520,609
L8,P002742,610
L8,P000619,611
L8,P004313,612
L8,P003181,613
L8,P000013,614
L8,P001329,615
L8,P004959,616
L8,P002090,617
L8,P003448,618
L8,P004518,619
L8,P003078,620
L8,P005863,621
L8,P002402,622
L8,P001730,623
L8,P002352,624
L8,P005014,625
L8,P005568,626
L8,P004461,627
L8,P002265,628
L8,P000815,629
L8,P005435,630
L8,P004893,631
L8,P006123,632
L8,P006982,633
L8,P003582,634
L8,P003005,635
L8,P005425,636
L8,P001053,637
L8,P005486,638
L8,P002399,639
L8,P005667,640
L8,P002871,641
L8,P003072,642
L8,P004195,643
L8,P000962,644
L8,P005875,645
L8,P006345,646
L8,P002099,647
L8,P005698,648
L8,P000899,649
L8,P000412,650
L8,P006104,651
L8,P003153,652
L8,P003419,653
L8,P001484,654
L8,P005873,655
L8,P006357,656
L8,P006944,657
L8,P006847,658
L8,P006274,659
L8,P000175,660
L8,P002848,661
L8,P001586,662
L8,P006704,663
L8,P001814,664
L8,P003177,665
L8,P001792,666
L8,P003166,667
L8,P002878,668
L8,P003164,669
L8,P006359,670
L8,P002736,671
L8,P006955,672
L8,P003229,673
L8,P002558,674
L8,P001153,675
L8,P006638,676
L8,P001550,677
L8,P000794,678
L8,P005508,679
L8,P000703,680
L8,P003751,681
L8,P001842,682
L8,P001699,683
L8,P002783,684
L8,P006529,685
L8,P000949,686
L8,P003818,687
L8,P003954,688
L8,P006134,689
L8,P002936,690
L8,P002747,691
L8,P003545,692
L8,P001741,693
L8,P003130,694
L8,P002407,695
L8,P001547,696
L8,P001589,697
L8,P005730,698
L8,P001429,699
L8,P003904,700
